Atrybut A,Atrybut B,Pearson,Spearman
css:calc-10-width,css:calc-10-width,,
css:calc-10-width,css:calc-2-width,-0.28057677231174566,0.5316879378190063
css:calc-10-width,css:calc-3-width,-0.16532667874825854,0.4571574625163526
css:calc-10-width,css:calc-4-width,-0.07909995099924369,0.66307043351335
css:calc-10-width,css:calc-5-width,-0.30950208499633935,0.2833073465804129
css:calc-10-width,css:calc-6-width,0.45480075133437264,0.14891619570017997
css:calc-10-width,css:calc-7-width,0.11053647189732287,0.693370137301472
css:calc-10-width,css:calc-8-width,-0.31122321023650307,0.28430124274645524
css:calc-10-width,css:calc-9-width,0.06025559449124109,0.18542720846354793
css:calc-10-width,css:env-1-height,-0.15581532992182281,-0.04329551878978472
css:calc-10-width,css:env-1-width,-0.0447038533286228,0.1315940533098309
css:calc-10-width,css:env-10-height,0.47611082273515215,0.1103056007109007
css:calc-10-width,css:env-10-width,-0.4587460161924076,0.16440491231190818
css:calc-10-width,css:env-11-height,-0.12385421225618647,-0.06807913854970467
css:calc-10-width,css:env-11-width,0.020882926944427938,0.007678836457943566
css:calc-10-width,css:env-12-height,-0.0752067671256967,-0.03976562416554591
css:calc-10-width,css:env-12-width,0.3101932128405973,0.007857458612256285
css:calc-10-width,css:env-13-height,0.036591863355732925,0.007400026888411538
css:calc-10-width,css:env-13-width,-0.38652783498236676,0.14220521231989172
css:calc-10-width,css:env-14-height,-0.019240983173116687,0.20955268785644013
css:calc-10-width,css:env-14-width,-0.3707475545082461,-0.04208573027594929
css:calc-10-width,css:env-2-height,-0.02604204607303156,-0.14508363789918188
css:calc-10-width,css:env-2-width,-0.052678603861214715,0.12774765264979637
css:calc-10-width,css:env-3-height,-0.10806200094715543,-0.043239505528017835
css:calc-10-width,css:env-3-width,-0.031148934525030137,0.25868886348119813
css:calc-10-width,css:env-5-height,,
css:calc-10-width,css:env-5-width,0.0858166234615425,-0.1731782221490464
css:calc-10-width,css:env-6-height,-0.5765183202519549,-0.12057241198430342
css:calc-10-width,css:env-6-width,-0.19522310122998227,0.11841287520391351
css:calc-10-width,css:env-7-height,0.1492654758904745,-0.10768777929841619
css:calc-10-width,css:env-7-width,-0.0667879623006435,-0.08676113568180664
css:calc-10-width,css:env-8-height,-0.21036389713487202,-0.06261224093665843
css:calc-10-width,css:env-8-width,0.29346483185566985,0.15609866203592002
css:calc-10-width,css:env-9-height,-0.20971399013146486,-0.004817892278519305
css:calc-10-width,css:env-9-width,0.17770166636485032,0.04272893088371723
css:calc-10-width,css:image-set-heif,-0.13354855990348832,-0.1471676546056465
css:calc-10-width,css:javascript,,
css:calc-10-width,css:media-1-width,,
css:calc-10-width,css:media-10-width,0.22092109224954506,0.2730071832256711
css:calc-10-width,css:media-2-width,-0.1120691560115331,0.020858389395816652
css:calc-10-width,css:media-3-width,,
css:calc-10-width,css:media-4-width,0.24721375308493035,0.5884338012487029
css:calc-10-width,css:media-5-width,-0.322899294089088,0.04717052415356931
css:calc-10-width,css:media-6-width,-0.11678388940662353,0.15507019503336086
css:calc-10-width,css:media-7-width,-0.08942012161371655,0.1813017790071573
css:calc-10-width,css:media-8-width,0.45477861833212463,0.0011895199682626883
css:calc-10-width,css:media-9-width,0.05131654922857328,0.03106203748365677
css:calc-10-width,css:px_per_px,-0.10254646262914445,0.17724463336792518
css:calc-10-width,css:viewport_height,-0.03009357126573164,-0.14198944041150593
css:calc-10-width,css:viewport_width,0.15292890175496146,-0.1857757763723507
css:calc-10-width,css:font_vector,0.2114650231454172,-0.16147054449921644
css:calc-2-width,css:calc-10-width,,
css:calc-2-width,css:calc-2-width,,
css:calc-2-width,css:calc-3-width,0.9653326911406233,0.6379154873071088
css:calc-2-width,css:calc-4-width,0.9196070830140923,0.8600395295760394
css:calc-2-width,css:calc-5-width,0.9383500835719761,0.6404933903772838
css:calc-2-width,css:calc-6-width,-0.28052700872287484,-0.22584017868491157
css:calc-2-width,css:calc-7-width,0.6620444503413687,0.9731009613703026
css:calc-2-width,css:calc-8-width,0.8405711243037524,0.6495209982047822
css:calc-2-width,css:calc-9-width,-0.5569413261583149,0.35121440232156015
css:calc-2-width,css:env-1-height,0.19532566111567534,0.12730808620095255
css:calc-2-width,css:env-1-width,0.27474320101132077,0.11210215287072871
css:calc-2-width,css:env-10-height,-0.703795271357943,-0.33303536384710275
css:calc-2-width,css:env-10-width,0.6839393126978709,0.5929790793189829
css:calc-2-width,css:env-11-height,0.09266189268747863,0.26828271892732924
css:calc-2-width,css:env-11-width,-0.03990498981159842,-0.026383426058614323
css:calc-2-width,css:env-12-height,0.050935237166022565,0.006591198740898069
css:calc-2-width,css:env-12-width,-0.4911786181075325,-0.3302820498507733
css:calc-2-width,css:env-13-height,-0.11184229746911097,0.32148215695179855
css:calc-2-width,css:env-13-width,0.6884832025441999,0.5425012376085362
css:calc-2-width,css:env-14-height,0.20618125627428216,0.2938366998255209
css:calc-2-width,css:env-14-width,0.47620353334531007,0.3481228295030392
css:calc-2-width,css:env-2-height,-0.13086952057368859,0.05562729988471863
css:calc-2-width,css:env-2-width,0.28421363122101145,0.5289646952379372
css:calc-2-width,css:env-3-height,0.09078073431132706,0.12739492622872334
css:calc-2-width,css:env-3-width,0.2684028345492829,0.3704200225025611
css:calc-2-width,css:env-5-height,,
css:calc-2-width,css:env-5-width,-0.3214503558425472,-0.305268499867431
css:calc-2-width,css:env-6-height,0.5806328294927691,0.3550186445727048
css:calc-2-width,css:env-6-width,0.2986553892749077,0.39299601077486135
css:calc-2-width,css:env-7-height,-0.39315896952520735,-0.48282487060926604
css:calc-2-width,css:env-7-width,-0.022111720195793515,0.16250141051338998
css:calc-2-width,css:env-8-height,0.26568151209260127,0.2136605156635797
css:calc-2-width,css:env-8-width,-0.4065970472022205,-0.15825722303697973
css:calc-2-width,css:env-9-height,0.300843346315202,0.4080759855680699
css:calc-2-width,css:env-9-width,-0.3957676486605474,-0.11383574566720583
css:calc-2-width,css:image-set-heif,0.18323755417801652,0.01440811265414599
css:calc-2-width,css:javascript,,
css:calc-2-width,css:media-1-width,,
css:calc-2-width,css:media-10-width,-0.16126831196803273,0.21963267230055172
css:calc-2-width,css:media-2-width,0.2631974256378905,0.12370757733763324
css:calc-2-width,css:media-3-width,,
css:calc-2-width,css:media-4-width,0.29537847481061535,0.4957862580508805
css:calc-2-width,css:media-5-width,0.5589143088706907,0.39780006809930063
css:calc-2-width,css:media-6-width,0.3766825112319444,0.3051169844673631
css:calc-2-width,css:media-7-width,0.35146710223906563,0.33182685534133305
css:calc-2-width,css:media-8-width,-0.5861250357203929,-0.5137802956586507
css:calc-2-width,css:media-9-width,-0.08209829965438516,0.03989800917839972
css:calc-2-width,css:px_per_px,0.3688457273257139,0.3285402384365739
css:calc-2-width,css:viewport_height,0.00017512050207948364,-0.15124940754312277
css:calc-2-width,css:viewport_width,-0.409916092959878,-0.43897266564055754
css:calc-2-width,css:font_vector,-0.26752508754161003,-0.3133972797312435
css:calc-3-width,css:calc-10-width,,
css:calc-3-width,css:calc-2-width,,
css:calc-3-width,css:calc-3-width,,
css:calc-3-width,css:calc-4-width,0.9899292890237307,0.9171863028156557
css:calc-3-width,css:calc-5-width,0.9104776227607851,0.9576554796030321
css:calc-3-width,css:calc-6-width,-0.020785739147398372,0.15480732444636763
css:calc-3-width,css:calc-7-width,0.8343022656304409,0.6843932214834196
css:calc-3-width,css:calc-8-width,0.8192589349496975,0.9610151175406128
css:calc-3-width,css:calc-9-width,-0.376966326764197,-0.037585195336023385
css:calc-3-width,css:env-1-height,0.07129321006617657,0.013927210273654097
css:calc-3-width,css:env-1-width,0.26229236253268573,-0.04178288137960827
css:calc-3-width,css:env-10-height,-0.49463512631439405,-0.42493321423448904
css:calc-3-width,css:env-10-width,0.4794050392431035,0.24575782005703334
css:calc-3-width,css:env-11-height,-0.0015077433555941628,0.1504431470271971
css:calc-3-width,css:env-11-width,-0.03940342181105041,-0.06183569314853828
css:calc-3-width,css:env-12-height,-0.03234493213209588,-0.08131756289385667
css:calc-3-width,css:env-12-width,-0.37202883453872554,-0.4834154915193472
css:calc-3-width,css:env-13-height,-0.13525041568402746,0.06167374968633031
css:calc-3-width,css:env-13-width,0.516873061872224,0.37763812659804546
css:calc-3-width,css:env-14-height,0.19473113433692826,0.050616267594045944
css:calc-3-width,css:env-14-width,0.2822890244108818,0.196873382368043
css:calc-3-width,css:env-2-height,-0.1803948394241756,0.005841028638745968
css:calc-3-width,css:env-2-width,0.25003906718182656,0.26778489838313424
css:calc-3-width,css:env-3-height,-0.011757240746279745,0.014533047612443362
css:calc-3-width,css:env-3-width,0.24971083167100627,0.06376311396344085
css:calc-3-width,css:env-5-height,,
css:calc-3-width,css:env-5-width,-0.30555873859404187,-0.24564472642340607
css:calc-3-width,css:env-6-height,0.4073627224136307,0.44280801836816763
css:calc-3-width,css:env-6-width,0.16661961229006494,0.17352248046560312
css:calc-3-width,css:env-7-height,-0.3644875438493064,-0.46588090147155725
css:calc-3-width,css:env-7-width,-0.07807778240311386,0.16641611505556544
css:calc-3-width,css:env-8-height,0.12153807198895811,0.08430047203859528
css:calc-3-width,css:env-8-width,-0.31580312419474593,-0.3805521593364949
css:calc-3-width,css:env-9-height,0.17925576761780032,0.26143766602514096
css:calc-3-width,css:env-9-width,-0.33418236233504156,-0.25746175852012565
css:calc-3-width,css:image-set-heif,0.19089492694759777,0.3482791561314043
css:calc-3-width,css:javascript,,
css:calc-3-width,css:media-1-width,,
css:calc-3-width,css:media-10-width,-0.08252321830799438,-0.19762314494119768
css:calc-3-width,css:media-2-width,0.25789513321133917,0.32929831974575396
css:calc-3-width,css:media-3-width,,
css:calc-3-width,css:media-4-width,0.4765197789874532,0.3383529267618581
css:calc-3-width,css:media-5-width,0.3931557008494939,0.367854910555722
css:calc-3-width,css:media-6-width,0.3612157014096918,0.3266142763451181
css:calc-3-width,css:media-7-width,0.3342988409564155,0.29738294764697343
css:calc-3-width,css:media-8-width,-0.41155864975421236,-0.447441184013754
css:calc-3-width,css:media-9-width,-0.0824531464396901,-0.20037784647106854
css:calc-3-width,css:px_per_px,0.35276271926927977,0.30472443560767715
css:calc-3-width,css:viewport_height,-0.022427955828668116,-0.13302366246092504
css:calc-3-width,css:viewport_width,-0.3617679099754162,-0.30047324113553714
css:calc-3-width,css:font_vector,-0.3002227619280328,-0.198570227230974
css:calc-4-width,css:calc-10-width,,
css:calc-4-width,css:calc-2-width,,
css:calc-4-width,css:calc-3-width,,
css:calc-4-width,css:calc-4-width,,
css:calc-4-width,css:calc-5-width,0.8625259575818454,0.8729488757161894
css:calc-4-width,css:calc-6-width,0.11784042088492684,0.002524297279166614
css:calc-4-width,css:calc-7-width,0.9023420407002245,0.9118122386246833
css:calc-4-width,css:calc-8-width,0.7728989286394123,0.8760113467434948
css:calc-4-width,css:calc-9-width,-0.2778328886193588,0.125116051102231
css:calc-4-width,css:env-1-height,0.006850600802546898,0.05066500407342
css:calc-4-width,css:env-1-width,0.25554258150009806,0.05392028995414138
css:calc-4-width,css:env-10-height,-0.36934385792080476,-0.3767075997836118
css:calc-4-width,css:env-10-width,0.35976004784330495,0.4314452068369814
css:calc-4-width,css:env-11-height,-0.04693921322299125,0.18468441283218584
css:calc-4-width,css:env-11-width,-0.036593171423002745,-0.03814805621998766
css:calc-4-width,css:env-12-height,-0.0721962179570476,-0.0547812916336252
css:calc-4-width,css:env-12-width,-0.29242468415873324,-0.4185005235274826
css:calc-4-width,css:env-13-height,-0.13722959729446685,0.18016508955067648
css:calc-4-width,css:env-13-width,0.4147299224984536,0.486632831126412
css:calc-4-width,css:env-14-height,0.18908520441687093,0.202040636025523
css:calc-4-width,css:env-14-width,0.17507999688350842,0.2568219580095194
css:calc-4-width,css:env-2-height,-0.20040514899030026,0.0012200465853943671
css:calc-4-width,css:env-2-width,0.23319706843462007,0.41748867455843497
css:calc-4-width,css:env-3-height,-0.06262794970289237,0.05078886851708822
css:calc-4-width,css:env-3-width,0.24040202050195772,0.2528848298868181
css:calc-4-width,css:env-5-height,,
css:calc-4-width,css:env-5-width,-0.28995225286507575,-0.3056716989155362
css:calc-4-width,css:env-6-height,0.3005771614499472,0.3858315824019933
css:calc-4-width,css:env-6-width,0.09676193175876618,0.2862953117524197
css:calc-4-width,css:env-7-height,-0.3375650470781373,-0.5052777284139739
css:calc-4-width,css:env-7-width,-0.10399234021381396,0.15780682383389333
css:calc-4-width,css:env-8-height,0.044879456170719555,0.12805021141657041
css:calc-4-width,css:env-8-width,-0.249472918331151,-0.26198826631587574
css:calc-4-width,css:env-9-height,0.11264966071635862,0.3272423049417336
css:calc-4-width,css:env-9-width,-0.2869898418512898,-0.1991441216855814
css:calc-4-width,css:image-set-heif,0.1829788068185294,0.1793670957085119
css:calc-4-width,css:javascript,,
css:calc-4-width,css:media-1-width,,
css:calc-4-width,css:media-10-width,-0.02971129830445903,-0.0032974158735259067
css:calc-4-width,css:media-2-width,0.24191784978160838,0.25219720989547606
css:calc-4-width,css:media-3-width,,
css:calc-4-width,css:media-4-width,0.5648225327065143,0.47291671375864935
css:calc-4-width,css:media-5-width,0.2929577527838927,0.39573034578061544
css:calc-4-width,css:media-6-width,0.34173237579249194,0.3585456130796241
css:calc-4-width,css:media-7-width,0.31787861021523334,0.3575591570455083
css:calc-4-width,css:media-8-width,-0.3023642094995947,-0.4855159091068392
css:calc-4-width,css:media-9-width,-0.07582486618265177,-0.11948712105174926
css:calc-4-width,css:px_per_px,0.33496838681326113,0.35900444899965467
css:calc-4-width,css:viewport_height,-0.03421607142487994,-0.15755961873711566
css:calc-4-width,css:viewport_width,-0.327630227562205,-0.4008408540491858
css:calc-4-width,css:font_vector,-0.30674686552073016,-0.28829046750175985
css:calc-5-width,css:calc-10-width,,
css:calc-5-width,css:calc-2-width,,
css:calc-5-width,css:calc-3-width,,
css:calc-5-width,css:calc-4-width,,
css:calc-5-width,css:calc-5-width,,
css:calc-5-width,css:calc-6-width,-0.26568214183324756,-0.056303345765347956
css:calc-5-width,css:calc-7-width,0.6188375619453382,0.6516972281665403
css:calc-5-width,css:calc-8-width,0.971469485028234,0.9965040737900371
css:calc-5-width,css:calc-9-width,-0.5329211012809191,-0.15122266943009025
css:calc-5-width,css:env-1-height,0.14505914817439497,0.13058763339944351
css:calc-5-width,css:env-1-width,0.14990828613650253,-0.07562990980727151
css:calc-5-width,css:env-10-height,-0.665302960933665,-0.5927391397632511
css:calc-5-width,css:env-10-width,0.6094203419328411,0.4032462822759876
css:calc-5-width,css:env-11-height,0.018529596128857195,0.30442309294126346
css:calc-5-width,css:env-11-width,-0.04368094427108773,-0.04535943376929206
css:calc-5-width,css:env-12-height,0.011684167451377035,-0.011405766016561387
css:calc-5-width,css:env-12-width,-0.5319261152684561,-0.5724521727212568
css:calc-5-width,css:env-13-height,-0.14914757276113152,0.2211725543512479
css:calc-5-width,css:env-13-width,0.596753523684644,0.5287269163975216
css:calc-5-width,css:env-14-height,0.10280258108890093,0.0813943937815887
css:calc-5-width,css:env-14-width,0.4122993045846871,0.3772902895940438
css:calc-5-width,css:env-2-height,-0.11690275195583355,0.13233159839853897
css:calc-5-width,css:env-2-width,0.1441453141175545,0.44049351022008043
css:calc-5-width,css:env-3-height,0.05330996819479797,0.1307272484921764
css:calc-5-width,css:env-3-width,0.13498734643766186,0.10439230785512167
css:calc-5-width,css:env-5-height,,
css:calc-5-width,css:env-5-width,-0.261166084630545,-0.24844781692079507
css:calc-5-width,css:env-6-height,0.5587112567379197,0.588740984509299
css:calc-5-width,css:env-6-width,0.24587783983573167,0.29960554824428454
css:calc-5-width,css:env-7-height,-0.36654628282637186,-0.5675867090434551
css:calc-5-width,css:env-7-width,-0.022930549215011656,0.2919712524142934
css:calc-5-width,css:env-8-height,0.21521814092522654,0.23719000455674596
css:calc-5-width,css:env-8-width,-0.49370781471369635,-0.487403561846781
css:calc-5-width,css:env-9-height,0.2289065096580592,0.43854750549892785
css:calc-5-width,css:env-9-width,-0.4200269562303577,-0.33261187453828867
css:calc-5-width,css:image-set-heif,0.2512096825429066,0.28928608954227475
css:calc-5-width,css:javascript,,
css:calc-5-width,css:media-1-width,,
css:calc-5-width,css:media-10-width,-0.3142947686313203,-0.2998686387877741
css:calc-5-width,css:media-2-width,0.30451031676802437,0.31178018980282557
css:calc-5-width,css:media-3-width,,
css:calc-5-width,css:media-4-width,0.18208902377635694,0.15648680135056106
css:calc-5-width,css:media-5-width,0.526292037860136,0.5109413744149623
css:calc-5-width,css:media-6-width,0.3426379187255985,0.33462754984717236
css:calc-5-width,css:media-7-width,0.2797899794350993,0.3105837024812452
css:calc-5-width,css:media-8-width,-0.5515139233979538,-0.6370542133653316
css:calc-5-width,css:media-9-width,-0.15191136258059426,-0.21847785226502897
css:calc-5-width,css:px_per_px,0.31206126056197003,0.31562633896732484
css:calc-5-width,css:viewport_height,0.0065791365977338895,-0.08797366524199086
css:calc-5-width,css:viewport_width,-0.34004571959921176,-0.35749567951427924
css:calc-5-width,css:font_vector,-0.25014662399149645,-0.22256967387943027
css:calc-6-width,css:calc-10-width,,
css:calc-6-width,css:calc-2-width,,
css:calc-6-width,css:calc-3-width,,
css:calc-6-width,css:calc-4-width,,
css:calc-6-width,css:calc-5-width,,
css:calc-6-width,css:calc-6-width,,
css:calc-6-width,css:calc-7-width,0.5336424362927163,-0.15178646101566592
css:calc-6-width,css:calc-8-width,-0.23806626500049183,-0.05650086863288733
css:calc-6-width,css:calc-9-width,0.7592130833457233,0.4624733493094811
css:calc-6-width,css:env-1-height,-0.47739229025711105,-0.48566813243880924
css:calc-6-width,css:env-1-width,-0.06917793350407116,0.15129684760441484
css:calc-6-width,css:env-10-height,0.8787968102568161,0.6653314332145851
css:calc-6-width,css:env-10-width,-0.851178485661126,-0.7293906838976087
css:calc-6-width,css:env-11-height,-0.3488520357142307,-0.6555052034336708
css:calc-6-width,css:env-11-width,0.011269835331903039,-0.017740119879385566
css:calc-6-width,css:env-12-height,-0.3053635416334697,-0.2974798598412981
css:calc-6-width,css:env-12-width,0.5281919830968713,0.3920486562384646
css:calc-6-width,css:env-13-height,-0.053318316644742514,-0.66420528585363
css:calc-6-width,css:env-13-width,-0.7282507545341219,-0.6558506773432837
css:calc-6-width,css:env-14-height,-0.058255361931557406,-0.1580267009182643
css:calc-6-width,css:env-14-width,-0.7778066833959429,-0.749431957857979
css:calc-6-width,css:env-2-height,-0.15961548396648925,-0.48256705896317237
css:calc-6-width,css:env-2-width,-0.1476632550710076,-0.7231593209079155
css:calc-6-width,css:env-3-height,-0.3828698207773532,-0.485638708553516
css:calc-6-width,css:env-3-width,-0.0899333656426422,-0.21315426751597466
css:calc-6-width,css:env-5-height,,
css:calc-6-width,css:env-5-width,0.10356160306088986,0.11094704414249697
css:calc-6-width,css:env-6-height,-0.7252034704275027,-0.609531147818704
css:calc-6-width,css:env-6-width,-0.5231540925784034,-0.6073823529181055
css:calc-6-width,css:env-7-height,0.16906718264813186,0.4469499833484344
css:calc-6-width,css:env-7-width,-0.19902922738938986,-0.43586737505360884
css:calc-6-width,css:env-8-height,-0.5628830288643477,-0.6235520639913051
css:calc-6-width,css:env-8-width,0.42010075009122794,0.4430187855175277
css:calc-6-width,css:env-9-height,-0.4853826772897621,-0.7505347470883001
css:calc-6-width,css:env-9-width,0.30055882737623485,0.30027204674961944
css:calc-6-width,css:image-set-heif,-0.18318406113415434,0.03409981769014985
css:calc-6-width,css:javascript,,
css:calc-6-width,css:media-1-width,,
css:calc-6-width,css:media-10-width,0.3422642532428542,0.1524428781309813
css:calc-6-width,css:media-2-width,-0.07451132487774291,0.045152847467036586
css:calc-6-width,css:media-3-width,,
css:calc-6-width,css:media-4-width,0.6369632632697189,0.5016878664217901
css:calc-6-width,css:media-5-width,-0.6977712416707869,-0.6316567514398508
css:calc-6-width,css:media-6-width,-0.11688951234795346,-0.07587317727199001
css:calc-6-width,css:media-7-width,-0.1111218703730593,-0.10415438424073291
css:calc-6-width,css:media-8-width,0.731211052883889,0.7875651005287452
css:calc-6-width,css:media-9-width,0.02335031658493327,-0.06262526393066224
css:calc-6-width,css:px_per_px,-0.1133859718518616,-0.09852072357196172
css:calc-6-width,css:viewport_height,-0.08482420293189616,-0.10888468437600113
css:calc-6-width,css:viewport_width,0.2354160735045099,0.35481258194765036
css:calc-6-width,css:font_vector,-0.08519740339579811,0.07984845176984395
css:calc-7-width,css:calc-10-width,,
css:calc-7-width,css:calc-2-width,,
css:calc-7-width,css:calc-3-width,,
css:calc-7-width,css:calc-4-width,,
css:calc-7-width,css:calc-5-width,,
css:calc-7-width,css:calc-6-width,,
css:calc-7-width,css:calc-7-width,,
css:calc-7-width,css:calc-8-width,0.5538731002190282,0.6539835062469123
css:calc-7-width,css:calc-9-width,0.10101231821733449,0.3246289110245361
css:calc-7-width,css:env-1-height,-0.20003422792333794,0.09607248618559901
css:calc-7-width,css:env-1-width,0.1885079426661903,0.12008670827640247
css:calc-7-width,css:env-10-height,0.06607855619705125,-0.2839266256735068
css:calc-7-width,css:env-10-width,-0.06182406496574533,0.5461327511725772
css:calc-7-width,css:env-11-height,-0.19051133809091653,0.20361747967920468
css:calc-7-width,css:env-11-width,-0.02610362307277333,-0.008278722610379931
css:calc-7-width,css:env-12-height,-0.19297503473888047,-0.005706415054546819
css:calc-7-width,css:env-12-width,-0.019969349423000677,-0.2998883841240815
css:calc-7-width,css:env-13-height,-0.13919258487650615,0.27481366488550163
css:calc-7-width,css:env-13-width,0.038305289914837636,0.5161588191439299
css:calc-7-width,css:env-14-height,0.13660955294294733,0.2958283088158062
css:calc-7-width,css:env-14-width,-0.18731892059683203,0.29178416191925854
css:calc-7-width,css:env-2-height,-0.23963328031838615,0.013863593674585244
css:calc-7-width,css:env-2-width,0.1357678985529234,0.48936919771130155
css:calc-7-width,css:env-3-height,-0.2183733032058985,0.09616360835855292
css:calc-7-width,css:env-3-width,0.16682630036801804,0.3716523211018021
css:calc-7-width,css:env-5-height,,
css:calc-7-width,css:env-5-width,-0.20234824734348722,-0.30710363039104305
css:calc-7-width,css:env-6-height,-0.05535774234897898,0.2822740505893357
css:calc-7-width,css:env-6-width,-0.1447297959321872,0.36402497286466035
css:calc-7-width,css:env-7-height,-0.21410484328709298,-0.45374944734447453
css:calc-7-width,css:env-7-width,-0.17461386318771854,0.1276297511409141
css:calc-7-width,css:env-8-height,-0.2048433775655081,0.16808078981632177
css:calc-7-width,css:env-8-width,-0.02939309939482235,-0.1194437697619932
css:calc-7-width,css:env-9-height,-0.11373846358507769,0.34726061954242393
css:calc-7-width,css:env-9-width,-0.11365633910324247,-0.1025004498223956
css:calc-7-width,css:image-set-heif,0.17776800083330374,-0.03409981769014985
css:calc-7-width,css:javascript,,
css:calc-7-width,css:media-1-width,,
css:calc-7-width,css:media-10-width,0.12578972356382648,0.21727631077183626
css:calc-7-width,css:media-2-width,0.17307729087930374,0.12685800002643613
css:calc-7-width,css:media-3-width,,
css:calc-7-width,css:media-4-width,0.7578707805890718,0.5354458093325479
css:calc-7-width,css:media-5-width,-0.05220096005866713,0.3644173565999139
css:calc-7-width,css:media-6-width,0.24036815007182794,0.31027850864823125
css:calc-7-width,css:media-7-width,0.2229519190074176,0.33670385302670347
css:calc-7-width,css:media-8-width,0.05470262556916474,-0.45436448107427607
css:calc-7-width,css:media-9-width,-0.05393280265453865,-0.018870804028157943
css:calc-7-width,css:px_per_px,0.2363483984066343,0.33291682431175545
css:calc-7-width,css:viewport_height,-0.06609613594443486,-0.16260171352953856
css:calc-7-width,css:viewport_width,-0.17734958826204086,-0.4272216982407829
css:calc-7-width,css:font_vector,-0.301582788832247,-0.3148078187158761
css:calc-8-width,css:calc-10-width,,
css:calc-8-width,css:calc-2-width,,
css:calc-8-width,css:calc-3-width,,
css:calc-8-width,css:calc-4-width,,
css:calc-8-width,css:calc-5-width,,
css:calc-8-width,css:calc-6-width,,
css:calc-8-width,css:calc-7-width,,
css:calc-8-width,css:calc-8-width,,
css:calc-8-width,css:calc-9-width,-0.48275001055964173,-0.15175318737528087
css:calc-8-width,css:env-1-height,0.05750027939001763,0.10201192737837048
css:calc-8-width,css:env-1-width,0.05871232129902723,-0.07312461984368954
css:calc-8-width,css:env-10-height,-0.5978413130566073,-0.592585049839955
css:calc-8-width,css:env-10-width,0.5125226617592362,0.39297913418208275
css:calc-8-width,css:env-11-height,-0.034345725827883054,0.2899110773480118
css:calc-8-width,css:env-11-width,-0.07083927534683064,-0.06434414195979085
css:calc-8-width,css:env-12-height,-0.059499226591602096,-0.03593478624429409
css:calc-8-width,css:env-12-width,-0.5441456590964656,-0.5885501623008232
css:calc-8-width,css:env-13-height,-0.2625245664934446,0.19413521672727288
css:calc-8-width,css:env-13-width,0.4896373277177287,0.5193573344163115
css:calc-8-width,css:env-14-height,0.027213103542264954,0.08136276051146106
css:calc-8-width,css:env-14-width,0.3060236591422431,0.3528275092535689
css:calc-8-width,css:env-2-height,-0.14576880349560928,0.10750357280615158
css:calc-8-width,css:env-2-width,0.03234165168426477,0.4269296446744046
css:calc-8-width,css:env-3-height,-0.023164677835597933,0.10214480042946664
css:calc-8-width,css:env-3-width,0.03674042293218341,0.10401344352766183
css:calc-8-width,css:env-5-height,,
css:calc-8-width,css:env-5-width,-0.23590971248096082,-0.27087041756520625
css:calc-8-width,css:env-6-height,0.5182455606622771,0.6082986922503906
css:calc-8-width,css:env-6-width,0.14898729940144304,0.2743939728234367
css:calc-8-width,css:env-7-height,-0.3699381395455795,-0.5866501921044186
css:calc-8-width,css:env-7-width,-0.06017096709935546,0.2769311292165156
css:calc-8-width,css:env-8-height,0.1245187187406369,0.20799599845437405
css:calc-8-width,css:env-8-width,-0.5697432212776967,-0.5041749399499285
css:calc-8-width,css:env-9-height,0.17227290521419142,0.4272253088596632
css:calc-8-width,css:env-9-width,-0.4526361226814971,-0.350696436533066
css:calc-8-width,css:image-set-heif,0.39209836121203845,0.3567365542969523
css:calc-8-width,css:javascript,,
css:calc-8-width,css:media-1-width,,
css:calc-8-width,css:media-10-width,-0.3898548135940804,-0.2934417475717664
css:calc-8-width,css:media-2-width,0.3690077420656675,0.3511241022747464
css:calc-8-width,css:media-3-width,,
css:calc-8-width,css:media-4-width,0.11329886831593956,0.1683977111377148
css:calc-8-width,css:media-5-width,0.47160383828211094,0.5127338541343659
css:calc-8-width,css:media-6-width,0.3454284813930801,0.36803515179078866
css:calc-8-width,css:media-7-width,0.24437894621909992,0.33924986551713626
css:calc-8-width,css:media-8-width,-0.4942048604763846,-0.6392891209590366
css:calc-8-width,css:media-9-width,-0.1775294960404627,-0.20880644207566332
css:calc-8-width,css:px_per_px,0.29477694848159613,0.3456880363064826
css:calc-8-width,css:viewport_height,0.012866778398285445,-0.09521852808240278
css:calc-8-width,css:viewport_width,-0.30575166137728416,-0.37748557601600047
css:calc-8-width,css:font_vector,-0.22438291181027697,-0.2261701891507684
css:calc-9-width,css:calc-10-width,,
css:calc-9-width,css:calc-2-width,,
css:calc-9-width,css:calc-3-width,,
css:calc-9-width,css:calc-4-width,,
css:calc-9-width,css:calc-5-width,,
css:calc-9-width,css:calc-6-width,,
css:calc-9-width,css:calc-7-width,,
css:calc-9-width,css:calc-8-width,,
css:calc-9-width,css:calc-9-width,,
css:calc-9-width,css:env-1-height,-0.4049328643769627,-0.2836885135392481
css:calc-9-width,css:env-1-width,-0.1319985152021541,0.2755104474121667
css:calc-9-width,css:env-10-height,0.8383631291098559,0.5208061140163152
css:calc-9-width,css:env-10-width,-0.8012564665445313,-0.18575229084302441
css:calc-9-width,css:env-11-height,-0.26064738846191976,-0.39577307370403086
css:calc-9-width,css:env-11-width,0.023800593360374853,0.026722110229163532
css:calc-9-width,css:env-12-height,-0.23180496997933397,-0.17643744425828667
css:calc-9-width,css:env-12-width,0.5460002587217635,0.3628677632294399
css:calc-9-width,css:env-13-height,0.01598816190628052,-0.2580507908045362
css:calc-9-width,css:env-13-width,-0.7306331473046836,-0.2752364156799083
css:calc-9-width,css:env-14-height,-0.10935967834765135,0.10937155909381709
css:calc-9-width,css:env-14-width,-0.6833152022623669,-0.4053100993934988
css:calc-9-width,css:env-2-height,-0.058593121468571006,-0.3351574909392215
css:calc-9-width,css:env-2-width,-0.19460333266844787,-0.27268877711674616
css:calc-9-width,css:env-3-height,-0.30090339477506095,-0.2836882601104637
css:calc-9-width,css:env-3-width,-0.1516369373873856,0.12809382693686713
css:calc-9-width,css:env-5-height,,
css:calc-9-width,css:env-5-width,0.18673455001424302,-0.016644735818251963
css:calc-9-width,css:env-6-height,-0.6014630065901014,-0.4869926475207677
css:calc-9-width,css:env-6-width,-0.47126928390338885,-0.23630674825708606
css:calc-9-width,css:env-7-height,0.2563134556661029,0.24810564860477538
css:calc-9-width,css:env-7-width,-0.12022650781586554,-0.320152877399017
css:calc-9-width,css:env-8-height,-0.48397165092292355,-0.3562944914819187
css:calc-9-width,css:env-8-width,0.4386189225315685,0.49541679918600734
css:calc-9-width,css:env-9-height,-0.43597751441144866,-0.41681126109933664
css:calc-9-width,css:env-9-width,0.37452709634269865,0.36907114946153663
css:calc-9-width,css:image-set-heif,-0.15899318724929248,-0.2825069093246229
css:calc-9-width,css:javascript,,
css:calc-9-width,css:media-1-width,,
css:calc-9-width,css:media-10-width,0.35590725431753356,0.5775707558104564
css:calc-9-width,css:media-2-width,-0.15335294447264958,-0.10484331246125464
css:calc-9-width,css:media-3-width,,
css:calc-9-width,css:media-4-width,0.3114766548914354,0.6196221595967845
css:calc-9-width,css:media-5-width,-0.6956052695063378,-0.42083011483514227
css:calc-9-width,css:media-6-width,-0.21872134221862324,-0.027065796244551774
css:calc-9-width,css:media-7-width,-0.20224240377262812,-0.0007108386059599557
css:calc-9-width,css:media-8-width,0.6792713684591491,0.47607822272581907
css:calc-9-width,css:media-9-width,0.05055340542624549,0.09072821748134706
css:calc-9-width,css:px_per_px,-0.21169006605191615,-0.005179889868904213
css:calc-9-width,css:viewport_height,-0.06311323768574209,-0.14899967928220698
css:calc-9-width,css:viewport_width,0.30593054539713715,0.08825299823770523
css:calc-9-width,css:font_vector,-0.06316713548025386,-0.10663228793049169
css:env-1-height,css:calc-10-width,,
css:env-1-height,css:calc-2-width,,
css:env-1-height,css:calc-3-width,,
css:env-1-height,css:calc-4-width,,
css:env-1-height,css:calc-5-width,,
css:env-1-height,css:calc-6-width,,
css:env-1-height,css:calc-7-width,,
css:env-1-height,css:calc-8-width,,
css:env-1-height,css:calc-9-width,,
css:env-1-height,css:env-1-height,,
css:env-1-height,css:env-1-width,-0.2382078306990148,-0.6722719865549498
css:env-1-height,css:env-10-height,-0.4416364479617476,-0.42302299979694674
css:env-1-height,css:env-10-width,0.4477240954515069,0.3348129254909894
css:env-1-height,css:env-11-height,0.7088264084944077,0.896262530002045
css:env-1-height,css:env-11-width,-0.03229655947748119,-0.033941721776620325
css:env-1-height,css:env-12-height,0.8941622766475182,0.866960561221928
css:env-1-height,css:env-12-width,-0.20297117270231232,-0.2110106339765685
css:env-1-height,css:env-13-height,0.46666713879473476,0.6025087594914543
css:env-1-height,css:env-13-width,0.3848797610727047,0.3490755462190634
css:env-1-height,css:env-14-height,-0.05814967774055995,-0.174028601402557
css:env-1-height,css:env-14-width,0.7624666416930775,0.7670850162583752
css:env-1-height,css:env-2-height,0.7130951306868832,0.8437289177105469
css:env-1-height,css:env-2-width,-0.01758202438141229,0.360499752149253
css:env-1-height,css:env-3-height,0.9808885000860503,0.999868785796982
css:env-1-height,css:env-3-width,-0.1275016044396102,-0.2631314030147471
css:env-1-height,css:env-5-height,,
css:env-1-height,css:env-5-width,0.38522133955999044,0.46463168711760594
css:env-1-height,css:env-6-height,0.26554574636757555,0.39968555516472043
css:env-1-height,css:env-6-width,0.6528535874044263,0.6923638866803354
css:env-1-height,css:env-7-height,0.5014640339452296,0.17200582660664107
css:env-1-height,css:env-7-width,0.5261052790734657,0.5921573544108029
css:env-1-height,css:env-8-height,0.9897024830208472,0.943307618408387
css:env-1-height,css:env-8-width,0.16590422066289504,-0.3726801839342341
css:env-1-height,css:env-9-height,0.6342059824358155,0.7600184053148633
css:env-1-height,css:env-9-width,0.22634424460203492,-0.13151783448863974
css:env-1-height,css:image-set-heif,-0.46662232059976805,-0.4312707329179129
css:env-1-height,css:javascript,,
css:env-1-height,css:media-1-width,,
css:env-1-height,css:media-10-width,0.13371000893206686,0.025902814863950893
css:env-1-height,css:media-2-width,-0.5159856908970205,-0.5030281352540714
css:env-1-height,css:media-3-width,,
css:env-1-height,css:media-4-width,-0.16720334101037293,-0.19831858568381389
css:env-1-height,css:media-5-width,0.6538154139320712,0.6424631430396768
css:env-1-height,css:media-6-width,-0.5226361910083477,-0.5878548641177024
css:env-1-height,css:media-7-width,-0.40004882239717976,-0.559737341629826
css:env-1-height,css:media-8-width,-0.49312731521022407,-0.4599641716976363
css:env-1-height,css:media-9-width,0.23867910436879444,0.2813972222143873
css:env-1-height,css:px_per_px,-0.4607709251883829,-0.5658622617127663
css:env-1-height,css:viewport_height,0.04829471431534043,0.2599716597094325
css:env-1-height,css:viewport_width,0.3270119348159033,0.21538378415658233
css:env-1-height,css:font_vector,0.16306790956082606,0.47163055848093244
css:env-1-width,css:calc-10-width,,
css:env-1-width,css:calc-2-width,,
css:env-1-width,css:calc-3-width,,
css:env-1-width,css:calc-4-width,,
css:env-1-width,css:calc-5-width,,
css:env-1-width,css:calc-6-width,,
css:env-1-width,css:calc-7-width,,
css:env-1-width,css:calc-8-width,,
css:env-1-width,css:calc-9-width,,
css:env-1-width,css:env-1-height,,
css:env-1-width,css:env-1-width,,
css:env-1-width,css:env-10-height,-0.17822452241868655,0.31760533322521767
css:env-1-width,css:env-10-width,0.3549980628353201,0.009678902680552343
css:env-1-width,css:env-11-height,-0.1455608705298162,-0.5093658355823031
css:env-1-width,css:env-11-width,0.009066243068013846,0.0044909328854738076
css:env-1-width,css:env-12-height,-0.309235484156644,-0.8350595058345366
css:env-1-width,css:env-12-width,0.12235752314639704,0.1306785171888522
css:env-1-width,css:env-13-height,0.020383641034508196,-0.23160471507527883
css:env-1-width,css:env-13-width,0.4535599471018884,0.09878697609672278
css:env-1-width,css:env-14-height,0.7041142655300889,0.41177754898109264
css:env-1-width,css:env-14-width,0.03310706014993226,-0.31034113724621953
css:env-1-width,css:env-2-height,-0.6086338250626874,-0.6816046033849099
css:env-1-width,css:env-2-width,0.9415518990968199,0.10175997002942146
css:env-1-width,css:env-3-height,-0.35445957931608624,-0.672360209764015
css:env-1-width,css:env-3-width,0.9671297573432937,0.5518174771639095
css:env-1-width,css:env-5-height,,
css:env-1-width,css:env-5-width,-0.7229059753552405,-0.41273384400984164
css:env-1-width,css:env-6-height,0.11267615996983579,-0.3668228788950252
css:env-1-width,css:env-6-width,0.016488806101887653,-0.08579984858598473
css:env-1-width,css:env-7-height,-0.6312426792418562,-0.4237571643693056
css:env-1-width,css:env-7-width,-0.3387411719210192,-0.2555040323987564
css:env-1-width,css:env-8-height,-0.22403109556132156,-0.5270427821820607
css:env-1-width,css:env-8-width,0.2782180771570704,0.6718268055788715
css:env-1-width,css:env-9-height,0.02976605535625717,-0.3502017862822473
css:env-1-width,css:env-9-width,-0.22654695485239063,0.4737942542666701
css:env-1-width,css:image-set-heif,-0.0655926842825884,-0.06615129820742516
css:env-1-width,css:javascript,,
css:env-1-width,css:media-1-width,,
css:env-1-width,css:media-10-width,-0.09477739679802584,-0.042818256207693174
css:env-1-width,css:media-2-width,0.15624053063789659,0.09264084747099134
css:env-1-width,css:media-3-width,,
css:env-1-width,css:media-4-width,0.16804608791576095,0.21836706915810356
css:env-1-width,css:media-5-width,0.04164689684342248,-0.5458284528526709
css:env-1-width,css:media-6-width,0.669269335847867,0.38332338636601027
css:env-1-width,css:media-7-width,0.8161142186985504,0.43456996608153725
css:env-1-width,css:media-8-width,-0.11303188112332661,0.2160457226784204
css:env-1-width,css:media-9-width,0.08570672279202672,0.026040085969015327
css:env-1-width,css:px_per_px,0.7543577979401358,0.42471664733266873
css:env-1-width,css:viewport_height,-0.08717018711607867,-0.3697320455471065
css:env-1-width,css:viewport_width,-0.6342678034765837,-0.011869686542686598
css:env-1-width,css:font_vector,-0.18231657882312113,-0.8590066415853714
css:env-10-height,css:calc-10-width,,
css:env-10-height,css:calc-2-width,,
css:env-10-height,css:calc-3-width,,
css:env-10-height,css:calc-4-width,,
css:env-10-height,css:calc-5-width,,
css:env-10-height,css:calc-6-width,,
css:env-10-height,css:calc-7-width,,
css:env-10-height,css:calc-8-width,,
css:env-10-height,css:calc-9-width,,
css:env-10-height,css:env-1-height,,
css:env-10-height,css:env-1-width,,
css:env-10-height,css:env-10-height,,
css:env-10-height,css:env-10-width,-0.9663732570438398,-0.526208610586183
css:env-10-height,css:env-11-height,-0.28652639275541336,-0.6769228738516013
css:env-10-height,css:env-11-width,0.025958125603090815,-0.03893816238649688
css:env-10-height,css:env-12-height,-0.24308676358553816,-0.193928214237731
css:env-10-height,css:env-12-width,0.6410009199333232,0.7601029447230888
css:env-10-height,css:env-13-height,0.018285543044943807,-0.5175881724810273
css:env-10-height,css:env-13-width,-0.8771204091876685,-0.631562215847716
css:env-10-height,css:env-14-height,-0.13440247253176943,0.19675395333456305
css:env-10-height,css:env-14-width,-0.8081544309452477,-0.7586339080816625
css:env-10-height,css:env-2-height,-0.053825467799554216,-0.5734667137777146
css:env-10-height,css:env-2-width,-0.2390837895998094,-0.5154415128633599
css:env-10-height,css:env-3-height,-0.3210531433819033,-0.42340284944963913
css:env-10-height,css:env-3-width,-0.18841490797253965,0.2342821874168205
css:env-10-height,css:env-5-height,,
css:env-10-height,css:env-5-width,0.2314006463791357,-0.05794768030309212
css:env-10-height,css:env-6-height,-0.8249793195951854,-0.86812809645558
css:env-10-height,css:env-6-width,-0.5329957753561387,-0.5833506977888174
css:env-10-height,css:env-7-height,0.320798625943756,0.50516530237994
css:env-10-height,css:env-7-width,-0.13775322911385365,-0.6331497620002143
css:env-10-height,css:env-8-height,-0.540992397083203,-0.6214382495227943
css:env-10-height,css:env-8-width,0.5234119585675273,0.8203075941613809
css:env-10-height,css:env-9-height,-0.4872653398649201,-0.7038757375034177
css:env-10-height,css:env-9-width,0.4211116873596872,0.27147213088208766
css:env-10-height,css:image-set-heif,-0.18428268044914223,-0.20909365496558496
css:env-10-height,css:javascript,,
css:env-10-height,css:media-1-width,,
css:env-10-height,css:media-10-width,0.34106304647827945,0.3723381354480423
css:env-10-height,css:media-2-width,-0.19108349557680743,-0.16586833830911876
css:env-10-height,css:media-3-width,,
css:env-10-height,css:media-4-width,0.3316474706373066,0.4125102460894542
css:env-10-height,css:media-5-width,-0.7890194493483759,-0.622119029443785
css:env-10-height,css:media-6-width,-0.27353721678857745,-0.030965801757122054
css:env-10-height,css:media-7-width,-0.25241692660360543,0.0160625387612239
css:env-10-height,css:media-8-width,0.829770503062377,0.8631622401348414
css:env-10-height,css:media-9-width,0.07322543603719511,0.23422560623878855
css:env-10-height,css:px_per_px,-0.26433862482011355,0.007586396606172143
css:env-10-height,css:viewport_height,-0.0656289408723229,-0.15571026831615498
css:env-10-height,css:viewport_width,0.3746506643467851,0.27558096419676886
css:env-10-height,css:font_vector,0.07143403889403852,0.008630761509910644
css:env-10-width,css:calc-10-width,,
css:env-10-width,css:calc-2-width,,
css:env-10-width,css:calc-3-width,,
css:env-10-width,css:calc-4-width,,
css:env-10-width,css:calc-5-width,,
css:env-10-width,css:calc-6-width,,
css:env-10-width,css:calc-7-width,,
css:env-10-width,css:calc-8-width,,
css:env-10-width,css:calc-9-width,,
css:env-10-width,css:env-1-height,,
css:env-10-width,css:env-1-width,,
css:env-10-width,css:env-10-height,,
css:env-10-width,css:env-10-width,,
css:env-10-width,css:env-11-height,0.34446696789286485,0.5216232688665465
css:env-10-width,css:env-11-width,-0.011669569990317761,0.025649006094308275
css:env-10-width,css:env-12-height,0.2568198766436012,0.23419437160181578
css:env-10-width,css:env-12-width,-0.4799419186794132,-0.16431983664772767
css:env-10-width,css:env-13-height,0.10531717135770646,0.8000750345184221
css:env-10-width,css:env-13-width,0.9001779449636824,0.6122746204929279
css:env-10-width,css:env-14-height,0.2702274349949397,0.3778705679644576
css:env-10-width,css:env-14-width,0.8408575468866573,0.693691782379185
css:env-10-width,css:env-2-height,0.02486015941938829,0.3915855832113149
css:env-10-width,css:env-2-width,0.431668813305763,0.8586499684153799
css:env-10-width,css:env-3-height,0.3217842821659398,0.33522885592626883
css:env-10-width,css:env-3-width,0.37361255856924563,0.5216421386055968
css:env-10-width,css:env-5-height,,
css:env-10-width,css:env-5-width,-0.29608485059772466,-0.3092929793819582
css:env-10-width,css:env-6-height,0.7919885790047405,0.45714964890758203
css:env-10-width,css:env-6-width,0.5580673293780735,0.5108083885866138
css:env-10-width,css:env-7-height,-0.3274500565665149,-0.428575419703401
css:env-10-width,css:env-7-width,0.13177127794304233,0.2003748188600474
css:env-10-width,css:env-8-height,0.5429424419179705,0.4935939946509897
css:env-10-width,css:env-8-width,-0.3285862557229945,-0.30515390039668144
css:env-10-width,css:env-9-height,0.520619253999305,0.6857151260055709
css:env-10-width,css:env-9-width,-0.3405795268507795,-0.34441812366504804
css:env-10-width,css:image-set-heif,0.044010778220786965,-0.11145526669087377
css:env-10-width,css:javascript,,
css:env-10-width,css:media-1-width,,
css:env-10-width,css:media-10-width,-0.2791221622672492,0.0233156365131286
css:env-10-width,css:media-2-width,0.0897722353553348,-0.056950738921831515
css:env-10-width,css:media-3-width,,
css:env-10-width,css:media-4-width,-0.2735370800901672,-0.08330014452580213
css:env-10-width,css:media-5-width,0.7217457233094418,0.5468667790023856
css:env-10-width,css:media-6-width,0.28537242903383836,0.23608379145174277
css:env-10-width,css:media-7-width,0.3328070054155104,0.30132707223869354
css:env-10-width,css:media-8-width,-0.7871216139238304,-0.762494994695677
css:env-10-width,css:media-9-width,0.012976452615964246,0.10755871436817595
css:env-10-width,css:px_per_px,0.3133953388398542,0.2888922294119698
css:env-10-width,css:viewport_height,0.05650903145122019,0.09841755727338719
css:env-10-width,css:viewport_width,-0.43558333965121565,-0.6448349542306224
css:env-10-width,css:font_vector,-0.07910649089081925,-0.15076738143066476
css:env-11-height,css:calc-10-width,,
css:env-11-height,css:calc-2-width,,
css:env-11-height,css:calc-3-width,,
css:env-11-height,css:calc-4-width,,
css:env-11-height,css:calc-5-width,,
css:env-11-height,css:calc-6-width,,
css:env-11-height,css:calc-7-width,,
css:env-11-height,css:calc-8-width,,
css:env-11-height,css:calc-9-width,,
css:env-11-height,css:env-1-height,,
css:env-11-height,css:env-1-width,,
css:env-11-height,css:env-10-height,,
css:env-11-height,css:env-10-width,,
css:env-11-height,css:env-11-height,,
css:env-11-height,css:env-11-width,-0.10568067492192264,-0.08918672031672237
css:env-11-height,css:env-12-height,0.5557024540356401,0.6587104070815631
css:env-11-height,css:env-12-width,-0.05260761392591588,-0.4126349436549084
css:env-11-height,css:env-13-height,0.2545998251585344,0.7433320992568477
css:env-11-height,css:env-13-width,0.23595018241687607,0.5190190190809995
css:env-11-height,css:env-14-height,-0.049424698678135426,-0.11587802779392013
css:env-11-height,css:env-14-width,0.6424933808928679,0.8965293677064221
css:env-11-height,css:env-2-height,0.5867742920123037,0.8694846845255803
css:env-11-height,css:env-2-width,-0.030218117824909557,0.5162292012615354
css:env-11-height,css:env-3-height,0.7254060678157361,0.8946153958498955
css:env-11-height,css:env-3-width,-0.11201110770902575,-0.23182292937984428
css:env-11-height,css:env-5-height,,
css:env-11-height,css:env-5-width,0.3561537030711494,0.37572319143769284
css:env-11-height,css:env-6-height,0.2651439188250498,0.6536002896034181
css:env-11-height,css:env-6-width,0.608472055893279,0.7942261266096736
css:env-11-height,css:env-7-height,0.48974032391816213,-0.08512212320982891
css:env-11-height,css:env-7-width,0.43449272874327155,0.6924359506167275
css:env-11-height,css:env-8-height,0.718914040817299,0.9686694015251452
css:env-11-height,css:env-8-width,0.2709282299888475,-0.5272201437525643
css:env-11-height,css:env-9-height,0.8715193372043746,0.91589999241593
css:env-11-height,css:env-9-width,0.38500257335995464,-0.1133451586753711
css:env-11-height,css:image-set-heif,-0.31308400368186795,-0.2088851302982899
css:env-11-height,css:javascript,,
css:env-11-height,css:media-1-width,,
css:env-11-height,css:media-10-width,0.21911791042662795,-0.0842904456431131
css:env-11-height,css:media-2-width,-0.5107225400675361,-0.37269876630184245
css:env-11-height,css:media-3-width,,
css:env-11-height,css:media-4-width,0.034388913434888244,-0.2490325606539309
css:env-11-height,css:media-5-width,0.27144317454719874,0.647199585866749
css:env-11-height,css:media-6-width,-0.5522715664376359,-0.46384506136453085
css:env-11-height,css:media-7-width,-0.40307001854791186,-0.4446254069633175
css:env-11-height,css:media-8-width,-0.26486831499025204,-0.6835858806859612
css:env-11-height,css:media-9-width,0.5538081105378589,0.28026924005476617
css:env-11-height,css:px_per_px,-0.46252524275712426,-0.44730362825054215
css:env-11-height,css:viewport_height,-0.028224992666103624,0.2528720441698921
css:env-11-height,css:viewport_width,0.3452028198164181,0.06913948813594196
css:env-11-height,css:font_vector,0.049943671287664616,0.2916737653711464
css:env-11-width,css:calc-10-width,,
css:env-11-width,css:calc-2-width,,
css:env-11-width,css:calc-3-width,,
css:env-11-width,css:calc-4-width,,
css:env-11-width,css:calc-5-width,,
css:env-11-width,css:calc-6-width,,
css:env-11-width,css:calc-7-width,,
css:env-11-width,css:calc-8-width,,
css:env-11-width,css:calc-9-width,,
css:env-11-width,css:env-1-height,,
css:env-11-width,css:env-1-width,,
css:env-11-width,css:env-10-height,,
css:env-11-width,css:env-10-width,,
css:env-11-width,css:env-11-height,,
css:env-11-width,css:env-11-width,,
css:env-11-width,css:env-12-height,0.02042334914424164,0.03648430450116475
css:env-11-width,css:env-12-width,0.039779853109412046,0.03191198237035104
css:env-11-width,css:env-13-height,0.002757464793501299,0.05607739181831382
css:env-11-width,css:env-13-width,-0.03840841031069729,-0.03213890371303667
css:env-11-width,css:env-14-height,0.011233101046583486,0.011513529586820724
css:env-11-width,css:env-14-width,0.06274534066319878,0.060717792042578024
css:env-11-width,css:env-2-height,-0.02770024159152654,-0.02408957428617744
css:env-11-width,css:env-2-width,0.01792940933351969,0.03393373040332245
css:env-11-width,css:env-3-height,-0.03232866193200236,-0.033946175997049285
css:env-11-width,css:env-3-width,0.015429123966448636,0.015429123966501547
css:env-11-width,css:env-5-height,,
css:env-11-width,css:env-5-width,-0.018255245124313278,-0.018316705540793857
css:env-11-width,css:env-6-height,-0.05963402375994689,-0.08904693827781103
css:env-11-width,css:env-6-width,0.08191623525378648,0.07302922263184694
css:env-11-width,css:env-7-height,-0.006696247277687442,0.05567238038875291
css:env-11-width,css:env-7-width,-0.02334203172173336,-0.009452204843467182
css:env-11-width,css:env-8-height,-0.021371310068502396,0.010543522163088927
css:env-11-width,css:env-8-width,0.027681333129749124,0.07205497262296796
css:env-11-width,css:env-9-height,-0.13385132311327597,-0.092073206298678
css:env-11-width,css:env-9-width,0.030716752068072815,0.06445691332235251
css:env-11-width,css:image-set-heif,-0.20937298349615677,-0.2093729834961432
css:env-11-width,css:javascript,,
css:env-11-width,css:media-1-width,,
css:env-11-width,css:media-10-width,-0.02669877517014254,-0.03270465739858041
css:env-11-width,css:media-2-width,0.01437176250759364,0.014371762507609553
css:env-11-width,css:media-3-width,,
css:env-11-width,css:media-4-width,-0.02508726030021869,-0.025087260300212723
css:env-11-width,css:media-5-width,-0.022328249475457917,-0.022328249475444355
css:env-11-width,css:media-6-width,0.02114203003114848,0.021170590593777912
css:env-11-width,css:media-7-width,0.019838842408831815,0.021200527950306598
css:env-11-width,css:media-8-width,0.02339830281471112,0.027839408037157273
css:env-11-width,css:media-9-width,-0.00450457446579331,-0.00680911786131754
css:env-11-width,css:px_per_px,0.020637315814873665,0.021220199533700485
css:env-11-width,css:viewport_height,-0.019757544491836317,-0.043738523675057144
css:env-11-width,css:viewport_width,-0.045056982615571714,-0.08992855224731887
css:env-11-width,css:font_vector,0.010976256751572716,0.011744562852953923
css:env-12-height,css:calc-10-width,,
css:env-12-height,css:calc-2-width,,
css:env-12-height,css:calc-3-width,,
css:env-12-height,css:calc-4-width,,
css:env-12-height,css:calc-5-width,,
css:env-12-height,css:calc-6-width,,
css:env-12-height,css:calc-7-width,,
css:env-12-height,css:calc-8-width,,
css:env-12-height,css:calc-9-width,,
css:env-12-height,css:env-1-height,,
css:env-12-height,css:env-1-width,,
css:env-12-height,css:env-10-height,,
css:env-12-height,css:env-10-width,,
css:env-12-height,css:env-11-height,,
css:env-12-height,css:env-11-width,,
css:env-12-height,css:env-12-height,,
css:env-12-height,css:env-12-width,0.07033483569341499,0.04141074032703285
css:env-12-height,css:env-13-height,0.46716740897435477,0.49622188298633163
css:env-12-height,css:env-13-width,0.1682164948257042,0.05584446898379589
css:env-12-height,css:env-14-height,-0.07174715073376668,-0.17105029802033295
css:env-12-height,css:env-14-width,0.5568243823158396,0.5058076805101056
css:env-12-height,css:env-2-height,0.6361320851929999,0.7555236410319033
css:env-12-height,css:env-2-width,-0.043036513033779644,0.17253556393689332
css:env-12-height,css:env-3-height,0.8804281590088081,0.8668989427453998
css:env-12-height,css:env-3-width,-0.13322388879437652,-0.24804214643623107
css:env-12-height,css:env-5-height,,
css:env-12-height,css:env-5-width,0.3696583444352017,0.40604368988453066
css:env-12-height,css:env-6-height,0.08750419018657567,0.1996677713198955
css:env-12-height,css:env-6-width,0.3556179651137915,0.33410214772705077
css:env-12-height,css:env-7-height,0.5024257131756023,0.43723173126432024
css:env-12-height,css:env-7-width,0.43402276558127023,0.29470226189507714
css:env-12-height,css:env-8-height,0.8544874685387274,0.7239704454725756
css:env-12-height,css:env-8-width,0.20316381300555666,-0.3652036827066448
css:env-12-height,css:env-9-height,0.4897891168482229,0.5139388041217364
css:env-12-height,css:env-9-width,0.18353150851109526,-0.3345720046687969
css:env-12-height,css:image-set-heif,-0.45543466115087583,-0.3804544686750823
css:env-12-height,css:javascript,,
css:env-12-height,css:media-1-width,,
css:env-12-height,css:media-10-width,0.23900851879647553,0.14791122851250016
css:env-12-height,css:media-2-width,-0.47541448947845155,-0.4135536730846792
css:env-12-height,css:media-3-width,,
css:env-12-height,css:media-4-width,-0.1269963660541605,-0.13975527955799522
css:env-12-height,css:media-5-width,0.5705306445834972,0.5715243840506568
css:env-12-height,css:media-6-width,-0.4881284147866894,-0.5010135996850525
css:env-12-height,css:media-7-width,-0.38517896751889347,-0.48332286609048747
css:env-12-height,css:media-8-width,-0.3248504030822919,-0.24250864797435137
css:env-12-height,css:media-9-width,0.2003799672216875,0.21319901442387315
css:env-12-height,css:px_per_px,-0.4373510135568806,-0.4869650570132781
css:env-12-height,css:viewport_height,0.10199651596756269,0.3397073460857277
css:env-12-height,css:viewport_width,0.25186108830778603,0.05962183561184473
css:env-12-height,css:font_vector,0.28625949469224315,0.7267904815891403
css:env-12-width,css:calc-10-width,,
css:env-12-width,css:calc-2-width,,
css:env-12-width,css:calc-3-width,,
css:env-12-width,css:calc-4-width,,
css:env-12-width,css:calc-5-width,,
css:env-12-width,css:calc-6-width,,
css:env-12-width,css:calc-7-width,,
css:env-12-width,css:calc-8-width,,
css:env-12-width,css:calc-9-width,,
css:env-12-width,css:env-1-height,,
css:env-12-width,css:env-1-width,,
css:env-12-width,css:env-10-height,,
css:env-12-width,css:env-10-width,,
css:env-12-width,css:env-11-height,,
css:env-12-width,css:env-11-width,,
css:env-12-width,css:env-12-height,,
css:env-12-width,css:env-12-width,,
css:env-12-width,css:env-13-height,0.31079565273854265,-0.06099091610186407
css:env-12-width,css:env-13-width,-0.57568129087405,-0.6191118133900296
css:env-12-width,css:env-14-height,0.1685215444057719,0.17004573160829928
css:env-12-width,css:env-14-width,-0.39449625193875093,-0.43256691638998723
css:env-12-width,css:env-2-height,-0.04249728282138626,-0.1736604663954274
css:env-12-width,css:env-2-width,0.20736787210110944,-0.28684921727731166
css:env-12-width,css:env-3-height,-0.14709922464952976,-0.21092993272633515
css:env-12-width,css:env-3-width,0.21641149561004738,0.22284319902420152
css:env-12-width,css:env-5-height,,
css:env-12-width,css:env-5-width,0.04690964466530124,0.05966680394122148
css:env-12-width,css:env-6-height,-0.5521376547105297,-0.7517025961143246
css:env-12-width,css:env-6-width,-0.4303538307785932,-0.478042984679181
css:env-12-width,css:env-7-height,0.218054356534444,0.6464147135918239
css:env-12-width,css:env-7-width,-0.07302089179189887,-0.5452170821556654
css:env-12-width,css:env-8-height,-0.2745264952912255,-0.3341849242371093
css:env-12-width,css:env-8-width,0.648357333793418,0.5934056929653732
css:env-12-width,css:env-9-height,-0.21975038938432104,-0.4720569198459751
css:env-12-width,css:env-9-width,0.2983087541142887,0.12347674142715034
css:env-12-width,css:image-set-heif,-0.40977250698406853,-0.4078525475971568
css:env-12-width,css:javascript,,
css:env-12-width,css:media-1-width,,
css:env-12-width,css:media-10-width,0.43093165715296006,0.4234871690609077
css:env-12-width,css:media-2-width,-0.3258224397038162,-0.3463309775558752
css:env-12-width,css:media-3-width,,
css:env-12-width,css:media-4-width,0.24916207938804244,0.22004776865017642
css:env-12-width,css:media-5-width,-0.5439541092853912,-0.5187850818850327
css:env-12-width,css:media-6-width,-0.17252839923446447,-0.1860060246702109
css:env-12-width,css:media-7-width,0.012438625933677632,-0.10751095098522635
css:env-12-width,css:media-8-width,0.5714185517895347,0.662195932398052
css:env-12-width,css:media-9-width,0.1789801085533713,0.24195645106407937
css:env-12-width,css:px_per_px,-0.08932324150842562,-0.1289841396453019
css:env-12-width,css:viewport_height,0.04271019031213695,0.1075080563947532
css:env-12-width,css:viewport_width,0.003890275257192763,0.07381916958643588
css:env-12-width,css:font_vector,0.19922221755815955,0.2486436613874713
css:env-13-height,css:calc-10-width,,
css:env-13-height,css:calc-2-width,,
css:env-13-height,css:calc-3-width,,
css:env-13-height,css:calc-4-width,,
css:env-13-height,css:calc-5-width,,
css:env-13-height,css:calc-6-width,,
css:env-13-height,css:calc-7-width,,
css:env-13-height,css:calc-8-width,,
css:env-13-height,css:calc-9-width,,
css:env-13-height,css:env-1-height,,
css:env-13-height,css:env-1-width,,
css:env-13-height,css:env-10-height,,
css:env-13-height,css:env-10-width,,
css:env-13-height,css:env-11-height,,
css:env-13-height,css:env-11-width,,
css:env-13-height,css:env-12-height,,
css:env-13-height,css:env-12-width,,
css:env-13-height,css:env-13-height,,
css:env-13-height,css:env-13-width,0.09767675504653207,0.45086404113590317
css:env-13-height,css:env-14-height,0.052307870706176735,0.15404995304706867
css:env-13-height,css:env-14-width,0.37514262920459784,0.7946064237169436
css:env-13-height,css:env-2-height,0.46759770520716687,0.7420603642393722
css:env-13-height,css:env-2-width,0.1478259408332393,0.6567467114090003
css:env-13-height,css:env-3-height,0.5035122705552105,0.6012725807673244
css:env-13-height,css:env-3-width,0.0656830261531964,0.13414008970692687
css:env-13-height,css:env-5-height,,
css:env-13-height,css:env-5-width,0.2951913433167574,0.14053751016375624
css:env-13-height,css:env-6-height,-0.0756074088730328,0.40831655738153494
css:env-13-height,css:env-6-width,0.39779966493761,0.5606494579114503
css:env-13-height,css:env-7-height,0.45814453143679423,-0.028459192723476613
css:env-13-height,css:env-7-width,0.3617402262466019,0.36128187334090195
css:env-13-height,css:env-8-height,0.4501367407488872,0.7488774957104425
css:env-13-height,css:env-8-width,0.5526782499641182,-0.34240688902838573
css:env-13-height,css:env-9-height,0.11369555810693659,0.7553704896995498
css:env-13-height,css:env-9-width,0.4946187397370863,-0.1496602853610761
css:env-13-height,css:image-set-heif,-0.8143467383287621,-0.4247576305613685
css:env-13-height,css:javascript,,
css:env-13-height,css:media-1-width,,
css:env-13-height,css:media-10-width,0.15692358445402677,-0.0015006072376056022
css:env-13-height,css:media-2-width,-0.6054695247785625,-0.40154616672199855
css:env-13-height,css:media-3-width,,
css:env-13-height,css:media-4-width,-0.09365620610643084,-0.19315716795586046
css:env-13-height,css:media-5-width,-0.040275635779791666,0.4132990986611678
css:env-13-height,css:media-6-width,-0.48861248479022756,-0.25785122596439686
css:env-13-height,css:media-7-width,-0.29544114648208214,-0.20241469911866106
css:env-13-height,css:media-8-width,0.024385059716043187,-0.6022146114969076
css:env-13-height,css:media-9-width,0.08105993145235603,0.2560756461280165
css:env-13-height,css:px_per_px,-0.39156061596999325,-0.20734959536183778
css:env-13-height,css:viewport_height,0.001465023237238187,0.2964128519217996
css:env-13-height,css:viewport_width,0.2827849517810439,-0.28467821433249796
css:env-13-height,css:font_vector,0.0698012633653492,0.19474001854608883
css:env-13-width,css:calc-10-width,,
css:env-13-width,css:calc-2-width,,
css:env-13-width,css:calc-3-width,,
css:env-13-width,css:calc-4-width,,
css:env-13-width,css:calc-5-width,,
css:env-13-width,css:calc-6-width,,
css:env-13-width,css:calc-7-width,,
css:env-13-width,css:calc-8-width,,
css:env-13-width,css:calc-9-width,,
css:env-13-width,css:env-1-height,,
css:env-13-width,css:env-1-width,,
css:env-13-width,css:env-10-height,,
css:env-13-width,css:env-10-width,,
css:env-13-width,css:env-11-height,,
css:env-13-width,css:env-11-width,,
css:env-13-width,css:env-12-height,,
css:env-13-width,css:env-12-width,,
css:env-13-width,css:env-13-height,,
css:env-13-width,css:env-13-width,,
css:env-13-width,css:env-14-height,0.3334396549858018,0.2651567843212674
css:env-13-width,css:env-14-width,0.7140958222241275,0.6388247055978848
css:env-13-width,css:env-2-height,-0.0866935531520768,0.18449042029603824
css:env-13-width,css:env-2-width,0.47547930043882425,0.7287363733827058
css:env-13-width,css:env-3-height,0.25379056889216917,0.34886873069861496
css:env-13-width,css:env-3-width,0.4404826434272129,0.3398191004653216
css:env-13-width,css:env-5-height,,
css:env-13-width,css:env-5-width,-0.3916083268793062,-0.30112590027933556
css:env-13-width,css:env-6-height,0.700287557924622,0.5825945892121027
css:env-13-width,css:env-6-width,0.5418902242892046,0.6638709667033726
css:env-13-width,css:env-7-height,-0.41489219852507647,-0.7462413593817082
css:env-13-width,css:env-7-width,0.018682662644061786,0.43625198744826127
css:env-13-width,css:env-8-height,0.4643489873913879,0.4816561618454379
css:env-13-width,css:env-8-width,-0.2993066870738357,-0.28378099793744205
css:env-13-width,css:env-9-height,0.4555986676080695,0.6850845160709864
css:env-13-width,css:env-9-width,-0.25547056744832514,-0.14724322903895815
css:env-13-width,css:image-set-heif,0.04592819552942246,0.011511871639888153
css:env-13-width,css:javascript,,
css:env-13-width,css:media-1-width,,
css:env-13-width,css:media-10-width,-0.30115475342505965,-0.2787006158353643
css:env-13-width,css:media-2-width,0.0848369632956387,0.027636359420984507
css:env-13-width,css:media-3-width,,
css:env-13-width,css:media-4-width,-0.18542707459029498,-0.16533542644210578
css:env-13-width,css:media-5-width,0.6990511670472689,0.6375616966653801
css:env-13-width,css:media-6-width,0.3751508456280252,0.268531603669643
css:env-13-width,css:media-7-width,0.3763372581618821,0.2835102644151613
css:env-13-width,css:media-8-width,-0.7325523170780229,-0.7949275307878375
css:env-13-width,css:media-9-width,-0.000718992524496349,-0.04948856021634608
css:env-13-width,css:px_per_px,0.4023727236360566,0.290348792811694
css:env-13-width,css:viewport_height,-0.05970194904656992,-0.17559656890036798
css:env-13-width,css:viewport_width,-0.43390879318252584,-0.27303369653819953
css:env-13-width,css:font_vector,-0.1458849332064476,-0.4556776899193738
css:env-14-height,css:calc-10-width,,
css:env-14-height,css:calc-2-width,,
css:env-14-height,css:calc-3-width,,
css:env-14-height,css:calc-4-width,,
css:env-14-height,css:calc-5-width,,
css:env-14-height,css:calc-6-width,,
css:env-14-height,css:calc-7-width,,
css:env-14-height,css:calc-8-width,,
css:env-14-height,css:calc-9-width,,
css:env-14-height,css:env-1-height,,
css:env-14-height,css:env-1-width,,
css:env-14-height,css:env-10-height,,
css:env-14-height,css:env-10-width,,
css:env-14-height,css:env-11-height,,
css:env-14-height,css:env-11-width,,
css:env-14-height,css:env-12-height,,
css:env-14-height,css:env-12-width,,
css:env-14-height,css:env-13-height,,
css:env-14-height,css:env-13-width,,
css:env-14-height,css:env-14-height,,
css:env-14-height,css:env-14-width,-0.03380785046885272,-0.12199690853557187
css:env-14-height,css:env-2-height,-0.41773316472763766,-0.3488455216508278
css:env-14-height,css:env-2-width,0.700136386130116,0.43862795099317337
css:env-14-height,css:env-3-height,-0.14898066072214172,-0.17915893386696854
css:env-14-height,css:env-3-width,0.7280452909072801,0.7462205639035605
css:env-14-height,css:env-5-height,,
css:env-14-height,css:env-5-width,-0.5409674304502682,-0.5599156211912024
css:env-14-height,css:env-6-height,0.07632293680475423,-0.13400269747890467
css:env-14-height,css:env-6-width,-0.04305212930772556,-0.03058754582734
css:env-14-height,css:env-7-height,-0.45618099259511674,-0.3525208228976677
css:env-14-height,css:env-7-width,-0.3203632163118827,-0.31888012201853794
css:env-14-height,css:env-8-height,-0.055278310067183825,-0.16500071680932837
css:env-14-height,css:env-8-width,0.2155873968712422,0.32020925341378254
css:env-14-height,css:env-9-height,0.12898653522893752,0.15775972573447733
css:env-14-height,css:env-9-width,-0.2110528915234129,-0.21642608935989696
css:env-14-height,css:image-set-heif,-0.06979440929290368,-0.07156319594210805
css:env-14-height,css:javascript,,
css:env-14-height,css:media-1-width,,
css:env-14-height,css:media-10-width,-0.029207421501037004,0.002612182334469732
css:env-14-height,css:media-2-width,0.048005176708663194,0.055866321540915705
css:env-14-height,css:media-3-width,,
css:env-14-height,css:media-4-width,0.1296315557703463,0.13286774031063517
css:env-14-height,css:media-5-width,0.11537512197398682,0.11825540204042374
css:env-14-height,css:media-6-width,0.49421843046476727,0.49881188807048393
css:env-14-height,css:media-7-width,0.5694019907857432,0.5592308036591837
css:env-14-height,css:media-8-width,-0.12090432992509732,-0.14744373013307707
css:env-14-height,css:media-9-width,0.10843733211387996,0.06512886716632654
css:env-14-height,css:px_per_px,0.5239354055015365,0.5481873389317155
css:env-14-height,css:viewport_height,-0.07484166498438329,-0.2082834275338061
css:env-14-height,css:viewport_width,-0.5226944336572216,-0.39861864791609836
css:env-14-height,css:font_vector,-0.056716905356006944,-0.4458424471082824
css:env-14-width,css:calc-10-width,,
css:env-14-width,css:calc-2-width,,
css:env-14-width,css:calc-3-width,,
css:env-14-width,css:calc-4-width,,
css:env-14-width,css:calc-5-width,,
css:env-14-width,css:calc-6-width,,
css:env-14-width,css:calc-7-width,,
css:env-14-width,css:calc-8-width,,
css:env-14-width,css:calc-9-width,,
css:env-14-width,css:env-1-height,,
css:env-14-width,css:env-1-width,,
css:env-14-width,css:env-10-height,,
css:env-14-width,css:env-10-width,,
css:env-14-width,css:env-11-height,,
css:env-14-width,css:env-11-width,,
css:env-14-width,css:env-12-height,,
css:env-14-width,css:env-12-width,,
css:env-14-width,css:env-13-height,,
css:env-14-width,css:env-13-width,,
css:env-14-width,css:env-14-height,,
css:env-14-width,css:env-14-width,,
css:env-14-width,css:env-2-height,0.47154346780709017,0.7754359243356853
css:env-14-width,css:env-2-width,0.16730419607753172,0.6785505150687889
css:env-14-width,css:env-3-height,0.7035666816835859,0.7697024029199838
css:env-14-width,css:env-3-width,0.061201092260164944,-0.04778636233834255
css:env-14-width,css:env-5-height,,
css:env-14-width,css:env-5-width,0.12794703095796567,0.19725808675314946
css:env-14-width,css:env-6-height,0.6379765831019087,0.6414680065521062
css:env-14-width,css:env-6-width,0.8078536255846326,0.8396407913011634
css:env-14-width,css:env-7-height,0.16667171196384042,-0.25913945493712287
css:env-14-width,css:env-7-width,0.44050913384410273,0.6577280280851583
css:env-14-width,css:env-8-height,0.8318754789520607,0.9133066909911307
css:env-14-width,css:env-8-width,-0.06386191850203947,-0.47550504907949115
css:env-14-width,css:env-9-height,0.6218145243865062,0.8628399091267267
css:env-14-width,css:env-9-width,0.05011845752458977,-0.10325138466562112
css:env-14-width,css:image-set-heif,-0.2977125088202199,-0.29055095618911975
css:env-14-width,css:javascript,,
css:env-14-width,css:media-1-width,,
css:env-14-width,css:media-10-width,-0.11132321256869865,-0.15267545964830873
css:env-14-width,css:media-2-width,-0.3074717341067456,-0.3190596964338923
css:env-14-width,css:media-3-width,,
css:env-14-width,css:media-4-width,-0.27159189897293656,-0.28760059759719125
css:env-14-width,css:media-5-width,0.644457065085063,0.6236321238294228
css:env-14-width,css:media-6-width,-0.23980108024951974,-0.312979645451805
css:env-14-width,css:media-7-width,-0.12533965826515497,-0.2756947540848155
css:env-14-width,css:media-8-width,-0.6753418612824404,-0.7775597983827516
css:env-14-width,css:media-9-width,0.16452085338966077,0.19628761926927338
css:env-14-width,css:px_per_px,-0.17817104417167823,-0.2841222979116014
css:env-14-width,css:viewport_height,0.034466168933242905,0.14715908204646333
css:env-14-width,css:viewport_width,0.026940802057445066,-0.08861975900510753
css:env-14-width,css:font_vector,-0.01283182066355304,0.08745336565784775
css:env-2-height,css:calc-10-width,,
css:env-2-height,css:calc-2-width,,
css:env-2-height,css:calc-3-width,,
css:env-2-height,css:calc-4-width,,
css:env-2-height,css:calc-5-width,,
css:env-2-height,css:calc-6-width,,
css:env-2-height,css:calc-7-width,,
css:env-2-height,css:calc-8-width,,
css:env-2-height,css:calc-9-width,,
css:env-2-height,css:env-1-height,,
css:env-2-height,css:env-1-width,,
css:env-2-height,css:env-10-height,,
css:env-2-height,css:env-10-width,,
css:env-2-height,css:env-11-height,,
css:env-2-height,css:env-11-width,,
css:env-2-height,css:env-12-height,,
css:env-2-height,css:env-12-width,,
css:env-2-height,css:env-13-height,,
css:env-2-height,css:env-13-width,,
css:env-2-height,css:env-14-height,,
css:env-2-height,css:env-14-width,,
css:env-2-height,css:env-2-height,,
css:env-2-height,css:env-2-width,-0.4221391814474547,0.27521461009848386
css:env-2-height,css:env-3-height,0.8125600618784908,0.8432517330250566
css:env-2-height,css:env-3-width,-0.5781986687680318,-0.465401147970149
css:env-2-height,css:env-5-height,,
css:env-2-height,css:env-5-width,0.8721198230945068,0.6141517119392367
css:env-2-height,css:env-6-height,0.02986024213876041,0.4902036309439741
css:env-2-height,css:env-6-width,0.5372174697730295,0.5555324077954354
css:env-2-height,css:env-7-height,0.893460980578248,0.30019864218874603
css:env-2-height,css:env-7-width,0.7998975913388019,0.6035964824255626
css:env-2-height,css:env-8-height,0.710695063789946,0.896578273294437
css:env-2-height,css:env-8-width,0.2543338406111605,-0.5778911750851597
css:env-2-height,css:env-9-height,0.30005389074066424,0.694903867716828
css:env-2-height,css:env-9-width,0.5784557934370326,-0.08652094380192428
css:env-2-height,css:image-set-heif,-0.5121721542233589,-0.3498841591398887
css:env-2-height,css:javascript,,
css:env-2-height,css:media-1-width,,
css:env-2-height,css:media-10-width,0.19397954509127321,0.015227956528620431
css:env-2-height,css:media-2-width,-0.6188608604724172,-0.4530513781643702
css:env-2-height,css:media-3-width,,
css:env-2-height,css:media-4-width,-0.13731756558188946,-0.2785210195402898
css:env-2-height,css:media-5-width,0.09997954038755832,0.42736853940202074
css:env-2-height,css:media-6-width,-0.8612598771720814,-0.6574474935661737
css:env-2-height,css:media-7-width,-0.7836113179301929,-0.6538515064714309
css:env-2-height,css:media-8-width,-0.06731403933484353,-0.4457686592920497
css:env-2-height,css:media-9-width,0.1580688495058305,0.2049272002612558
css:env-2-height,css:px_per_px,-0.8597716172866201,-0.6582927101401714
css:env-2-height,css:viewport_height,0.30405221350482464,0.49351007500466054
css:env-2-height,css:viewport_width,0.7816569542058199,0.10720195018957299
css:env-2-height,css:font_vector,0.11653551483382471,0.616249495443265
css:env-2-width,css:calc-10-width,,
css:env-2-width,css:calc-2-width,,
css:env-2-width,css:calc-3-width,,
css:env-2-width,css:calc-4-width,,
css:env-2-width,css:calc-5-width,,
css:env-2-width,css:calc-6-width,,
css:env-2-width,css:calc-7-width,,
css:env-2-width,css:calc-8-width,,
css:env-2-width,css:calc-9-width,,
css:env-2-width,css:env-1-height,,
css:env-2-width,css:env-1-width,,
css:env-2-width,css:env-10-height,,
css:env-2-width,css:env-10-width,,
css:env-2-width,css:env-11-height,,
css:env-2-width,css:env-11-width,,
css:env-2-width,css:env-12-height,,
css:env-2-width,css:env-12-width,,
css:env-2-width,css:env-13-height,,
css:env-2-width,css:env-13-width,,
css:env-2-width,css:env-14-height,,
css:env-2-width,css:env-14-width,,
css:env-2-width,css:env-2-height,,
css:env-2-width,css:env-2-width,,
css:env-2-width,css:env-3-height,-0.14553156920493063,0.36047401903771153
css:env-2-width,css:env-3-width,0.9782869125960177,0.5912525897529548
css:env-2-width,css:env-5-height,,
css:env-2-width,css:env-5-width,-0.6014287947963416,-0.28412754210875446
css:env-2-width,css:env-6-height,0.12063024065902621,0.43322934228670357
css:env-2-width,css:env-6-width,0.04812306417925179,0.5783494078391265
css:env-2-width,css:env-7-height,-0.4902980874330128,-0.5933511352392448
css:env-2-width,css:env-7-width,-0.16358734921134796,0.3803258367828621
css:env-2-width,css:env-8-height,-0.016735169347287426,0.49039415514815804
css:env-2-width,css:env-8-width,0.35700624224776445,-0.19396219870143092
css:env-2-width,css:env-9-height,0.12830232297278502,0.6937193872389026
css:env-2-width,css:env-9-width,-0.20819950159432848,-0.340294998806891
css:env-2-width,css:image-set-heif,-0.18165301243507256,-0.17941430900132196
css:env-2-width,css:javascript,,
css:env-2-width,css:media-1-width,,
css:env-2-width,css:media-10-width,-0.007661359003225127,-0.17800147444594588
css:env-2-width,css:media-2-width,0.038860122427866524,-0.047286239020992826
css:env-2-width,css:media-3-width,,
css:env-2-width,css:media-4-width,0.13374219677243765,-0.1679806609173422
css:env-2-width,css:media-5-width,0.19860053313506365,0.6321990091849609
css:env-2-width,css:media-6-width,0.5744737415956941,0.2983629421703559
css:env-2-width,css:media-7-width,0.7651963870939932,0.3706064877724094
css:env-2-width,css:media-8-width,-0.20811821448713044,-0.7882412007597118
css:env-2-width,css:media-9-width,0.11617288167714512,0.03141503623571218
css:env-2-width,css:px_per_px,0.6651412370064149,0.34623098096174765
css:env-2-width,css:viewport_height,0.07158410501471339,0.07160680429417265
css:env-2-width,css:viewport_width,-0.5986625034249954,-0.4615998983430565
css:env-2-width,css:font_vector,-0.0719526806656664,-0.3573864457502801
css:env-3-height,css:calc-10-width,,
css:env-3-height,css:calc-2-width,,
css:env-3-height,css:calc-3-width,,
css:env-3-height,css:calc-4-width,,
css:env-3-height,css:calc-5-width,,
css:env-3-height,css:calc-6-width,,
css:env-3-height,css:calc-7-width,,
css:env-3-height,css:calc-8-width,,
css:env-3-height,css:calc-9-width,,
css:env-3-height,css:env-1-height,,
css:env-3-height,css:env-1-width,,
css:env-3-height,css:env-10-height,,
css:env-3-height,css:env-10-width,,
css:env-3-height,css:env-11-height,,
css:env-3-height,css:env-11-width,,
css:env-3-height,css:env-12-height,,
css:env-3-height,css:env-12-width,,
css:env-3-height,css:env-13-height,,
css:env-3-height,css:env-13-width,,
css:env-3-height,css:env-14-height,,
css:env-3-height,css:env-14-width,,
css:env-3-height,css:env-2-height,,
css:env-3-height,css:env-2-width,,
css:env-3-height,css:env-3-height,,
css:env-3-height,css:env-3-width,-0.2586731701062148,-0.26316593412305456
css:env-3-height,css:env-5-height,,
css:env-3-height,css:env-5-width,0.5149445864513578,0.46307808958793206
css:env-3-height,css:env-6-height,0.18206328536562605,0.3993637880604558
css:env-3-height,css:env-6-width,0.6478445786637413,0.6923632692696672
css:env-3-height,css:env-7-height,0.6366129120945143,0.1717285628263562
css:env-3-height,css:env-7-width,0.5776772986533085,0.5911994154478928
css:env-3-height,css:env-8-height,0.967486242623016,0.9431838430510366
css:env-3-height,css:env-8-width,0.2243235739531784,-0.3727290912848886
css:env-3-height,css:env-9-height,0.5837221233409413,0.7574630063135673
css:env-3-height,css:env-9-width,0.35741827090771666,-0.13175158820522642
css:env-3-height,css:image-set-heif,-0.5332402369730561,-0.4313779099387676
css:env-3-height,css:javascript,,
css:env-3-height,css:media-1-width,,
css:env-3-height,css:media-10-width,0.17729676776714,0.026316389847925472
css:env-3-height,css:media-2-width,-0.592179870214546,-0.503390774058342
css:env-3-height,css:media-3-width,,
css:env-3-height,css:media-4-width,-0.147628546801309,-0.1982302619948859
css:env-3-height,css:media-5-width,0.5156160108810569,0.6425474543918059
css:env-3-height,css:media-6-width,-0.6615064439191228,-0.5880754185827454
css:env-3-height,css:media-7-width,-0.5443912613725024,-0.5596426578775436
css:env-3-height,css:media-8-width,-0.37516742028325367,-0.4600245334501617
css:env-3-height,css:media-9-width,0.2560313381545465,0.28143415037213043
css:env-3-height,css:px_per_px,-0.6034680275956725,-0.5658496587421128
css:env-3-height,css:viewport_height,0.049184831207558996,0.25765649504418753
css:env-3-height,css:viewport_width,0.4688875959193056,0.2151136360111635
css:env-3-height,css:font_vector,0.16323001478776275,0.47168106007778443
css:env-3-width,css:calc-10-width,,
css:env-3-width,css:calc-2-width,,
css:env-3-width,css:calc-3-width,,
css:env-3-width,css:calc-4-width,,
css:env-3-width,css:calc-5-width,,
css:env-3-width,css:calc-6-width,,
css:env-3-width,css:calc-7-width,,
css:env-3-width,css:calc-8-width,,
css:env-3-width,css:calc-9-width,,
css:env-3-width,css:env-1-height,,
css:env-3-width,css:env-1-width,,
css:env-3-width,css:env-10-height,,
css:env-3-width,css:env-10-width,,
css:env-3-width,css:env-11-height,,
css:env-3-width,css:env-11-width,,
css:env-3-width,css:env-12-height,,
css:env-3-width,css:env-12-width,,
css:env-3-width,css:env-13-height,,
css:env-3-width,css:env-13-width,,
css:env-3-width,css:env-14-height,,
css:env-3-width,css:env-14-width,,
css:env-3-width,css:env-2-height,,
css:env-3-width,css:env-2-width,,
css:env-3-width,css:env-3-height,,
css:env-3-width,css:env-3-width,,
css:env-3-width,css:env-5-height,,
css:env-3-width,css:env-5-width,-0.7299207132763162,-0.7264683385004244
css:env-3-width,css:env-6-height,0.08633049938136275,-0.20497406402692944
css:env-3-width,css:env-6-width,-0.05783214351521478,-0.027403450682092455
css:env-3-width,css:env-7-height,-0.609370451801123,-0.48448473668557174
css:env-3-width,css:env-7-width,-0.3364001870240786,-0.3476121003072825
css:env-3-width,css:env-8-height,-0.12987748422293333,-0.24821385710629854
css:env-3-width,css:env-8-width,0.2961181118314715,0.4291080531722863
css:env-3-width,css:env-9-height,0.08359560715798274,0.03693695290780432
css:env-3-width,css:env-9-width,-0.27903509894589085,-0.274708140357101
css:env-3-width,css:image-set-heif,-0.09538002413241084,-0.09538002413241026
css:env-3-width,css:javascript,,
css:env-3-width,css:media-1-width,,
css:env-3-width,css:media-10-width,-0.023183668083251535,0.01649684025978678
css:env-3-width,css:media-2-width,0.13052906664092584,0.13052906664092517
css:env-3-width,css:media-3-width,,
css:env-3-width,css:media-4-width,0.16062408093865246,0.16062408093865224
css:env-3-width,css:media-5-width,0.1584724513913374,0.15847245139133787
css:env-3-width,css:media-6-width,0.6646878709117952,0.661515168856371
css:env-3-width,css:media-7-width,0.8260446056148714,0.7588320302783212
css:env-3-width,css:media-8-width,-0.1660670447774376,-0.19758733176928672
css:env-3-width,css:media-9-width,0.10395374399577348,0.0710869875031639
css:env-3-width,css:px_per_px,0.7575312151223479,0.7400400330797043
css:env-3-width,css:viewport_height,-0.050650976026733546,-0.2898409408350927
css:env-3-width,css:viewport_width,-0.696284154820079,-0.5346538964560722
css:env-3-width,css:font_vector,-0.0779029904651893,-0.5970362010961848
css:env-5-height,css:calc-10-width,,
css:env-5-height,css:calc-2-width,,
css:env-5-height,css:calc-3-width,,
css:env-5-height,css:calc-4-width,,
css:env-5-height,css:calc-5-width,,
css:env-5-height,css:calc-6-width,,
css:env-5-height,css:calc-7-width,,
css:env-5-height,css:calc-8-width,,
css:env-5-height,css:calc-9-width,,
css:env-5-height,css:env-1-height,,
css:env-5-height,css:env-1-width,,
css:env-5-height,css:env-10-height,,
css:env-5-height,css:env-10-width,,
css:env-5-height,css:env-11-height,,
css:env-5-height,css:env-11-width,,
css:env-5-height,css:env-12-height,,
css:env-5-height,css:env-12-width,,
css:env-5-height,css:env-13-height,,
css:env-5-height,css:env-13-width,,
css:env-5-height,css:env-14-height,,
css:env-5-height,css:env-14-width,,
css:env-5-height,css:env-2-height,,
css:env-5-height,css:env-2-width,,
css:env-5-height,css:env-3-height,,
css:env-5-height,css:env-3-width,,
css:env-5-height,css:env-5-height,,
css:env-5-height,css:env-5-width,,
css:env-5-height,css:env-6-height,,
css:env-5-height,css:env-6-width,,
css:env-5-height,css:env-7-height,,
css:env-5-height,css:env-7-width,,
css:env-5-height,css:env-8-height,,
css:env-5-height,css:env-8-width,,
css:env-5-height,css:env-9-height,,
css:env-5-height,css:env-9-width,,
css:env-5-height,css:image-set-heif,,
css:env-5-height,css:javascript,,
css:env-5-height,css:media-1-width,,
css:env-5-height,css:media-10-width,,
css:env-5-height,css:media-2-width,,
css:env-5-height,css:media-3-width,,
css:env-5-height,css:media-4-width,,
css:env-5-height,css:media-5-width,,
css:env-5-height,css:media-6-width,,
css:env-5-height,css:media-7-width,,
css:env-5-height,css:media-8-width,,
css:env-5-height,css:media-9-width,,
css:env-5-height,css:px_per_px,,
css:env-5-height,css:viewport_height,,
css:env-5-height,css:viewport_width,,
css:env-5-height,css:font_vector,,
css:env-5-width,css:calc-10-width,,
css:env-5-width,css:calc-2-width,,
css:env-5-width,css:calc-3-width,,
css:env-5-width,css:calc-4-width,,
css:env-5-width,css:calc-5-width,,
css:env-5-width,css:calc-6-width,,
css:env-5-width,css:calc-7-width,,
css:env-5-width,css:calc-8-width,,
css:env-5-width,css:calc-9-width,,
css:env-5-width,css:env-1-height,,
css:env-5-width,css:env-1-width,,
css:env-5-width,css:env-10-height,,
css:env-5-width,css:env-10-width,,
css:env-5-width,css:env-11-height,,
css:env-5-width,css:env-11-width,,
css:env-5-width,css:env-12-height,,
css:env-5-width,css:env-12-width,,
css:env-5-width,css:env-13-height,,
css:env-5-width,css:env-13-width,,
css:env-5-width,css:env-14-height,,
css:env-5-width,css:env-14-width,,
css:env-5-width,css:env-2-height,,
css:env-5-width,css:env-2-width,,
css:env-5-width,css:env-3-height,,
css:env-5-width,css:env-3-width,,
css:env-5-width,css:env-5-height,,
css:env-5-width,css:env-5-width,,
css:env-5-width,css:env-6-height,-0.17007895847793814,-0.03424809512265475
css:env-5-width,css:env-6-width,0.28691910920314156,0.22979546143462026
css:env-5-width,css:env-7-height,0.9432250459867686,0.622818753545309
css:env-5-width,css:env-7-width,0.8319500364047826,0.6150285719910132
css:env-5-width,css:env-8-height,0.3675744497267159,0.43867644527503113
css:env-5-width,css:env-8-width,0.25332201612115757,-0.093410811088869
css:env-5-width,css:env-9-height,0.04547124986637486,0.06306731436222883
css:env-5-width,css:env-9-width,0.594132482042822,0.43667317205341016
css:env-5-width,css:image-set-heif,-0.35885789833263815,-0.36393525819629224
css:env-5-width,css:javascript,,
css:env-5-width,css:media-1-width,,
css:env-5-width,css:media-10-width,0.18763228111022967,0.13135992505818153
css:env-5-width,css:media-2-width,-0.5261164798556441,-0.532413904962532
css:env-5-width,css:media-3-width,,
css:env-5-width,css:media-4-width,-0.08680338026473619,-0.08566102174300406
css:env-5-width,css:media-5-width,-0.18749952699126254,-0.18813078660622562
css:env-5-width,css:media-6-width,-0.8438330713806623,-0.8486343293499559
css:env-5-width,css:media-7-width,-0.822634876722224,-0.8621530071205156
css:env-5-width,css:media-8-width,0.1964852065531201,0.234566070145445
css:env-5-width,css:media-9-width,0.06245781680674856,0.1338328524576841
css:env-5-width,css:px_per_px,-0.9101875003057603,-0.8829420997230285
css:env-5-width,css:viewport_height,0.44978168170443766,0.6165259663850821
css:env-5-width,css:viewport_width,0.9114922425604547,0.6611249280874385
css:env-5-width,css:font_vector,0.09217227398111565,0.5323574122433729
css:env-6-height,css:calc-10-width,,
css:env-6-height,css:calc-2-width,,
css:env-6-height,css:calc-3-width,,
css:env-6-height,css:calc-4-width,,
css:env-6-height,css:calc-5-width,,
css:env-6-height,css:calc-6-width,,
css:env-6-height,css:calc-7-width,,
css:env-6-height,css:calc-8-width,,
css:env-6-height,css:calc-9-width,,
css:env-6-height,css:env-1-height,,
css:env-6-height,css:env-1-width,,
css:env-6-height,css:env-10-height,,
css:env-6-height,css:env-10-width,,
css:env-6-height,css:env-11-height,,
css:env-6-height,css:env-11-width,,
css:env-6-height,css:env-12-height,,
css:env-6-height,css:env-12-width,,
css:env-6-height,css:env-13-height,,
css:env-6-height,css:env-13-width,,
css:env-6-height,css:env-14-height,,
css:env-6-height,css:env-14-width,,
css:env-6-height,css:env-2-height,,
css:env-6-height,css:env-2-width,,
css:env-6-height,css:env-3-height,,
css:env-6-height,css:env-3-width,,
css:env-6-height,css:env-5-height,,
css:env-6-height,css:env-5-width,,
css:env-6-height,css:env-6-height,,
css:env-6-height,css:env-6-width,0.3270854554039069,0.4572705035457478
css:env-6-height,css:env-7-height,-0.2711987977334934,-0.5176760070238737
css:env-6-height,css:env-7-width,0.10209934749108976,0.5267809906277552
css:env-6-height,css:env-8-height,0.36413838353722167,0.5440974716818457
css:env-6-height,css:env-8-width,-0.49368231707254856,-0.836194641824237
css:env-6-height,css:env-9-height,0.431786707306731,0.7461179083909669
css:env-6-height,css:env-9-width,-0.3176693793845695,-0.38273467037777203
css:env-6-height,css:image-set-heif,0.24479433608543974,0.43925989861567905
css:env-6-height,css:javascript,,
css:env-6-height,css:media-1-width,,
css:env-6-height,css:media-10-width,-0.3799678251780411,-0.32501772783670907
css:env-6-height,css:media-2-width,0.20081578717062584,0.28209409806217517
css:env-6-height,css:media-3-width,,
css:env-6-height,css:media-4-width,-0.2705170829632814,-0.31057516675044655
css:env-6-height,css:media-5-width,0.5499259881111765,0.6772539367940521
css:env-6-height,css:media-6-width,0.21787275777535745,0.11884860212220116
css:env-6-height,css:media-7-width,0.1752350022772107,0.061990715445910054
css:env-6-height,css:media-8-width,-0.6246084840644869,-0.8384093753772757
css:env-6-height,css:media-9-width,-0.04034078524000113,-0.024793705493499178
css:env-6-height,css:px_per_px,0.19938498500798232,0.07452388866455634
css:env-6-height,css:viewport_height,0.04638445172684407,0.0857432826891605
css:env-6-height,css:viewport_width,-0.2902191782153423,-0.29994653639865854
css:env-6-height,css:font_vector,-0.2560147374314848,0.07127168248067436
css:env-6-width,css:calc-10-width,,
css:env-6-width,css:calc-2-width,,
css:env-6-width,css:calc-3-width,,
css:env-6-width,css:calc-4-width,,
css:env-6-width,css:calc-5-width,,
css:env-6-width,css:calc-6-width,,
css:env-6-width,css:calc-7-width,,
css:env-6-width,css:calc-8-width,,
css:env-6-width,css:calc-9-width,,
css:env-6-width,css:env-1-height,,
css:env-6-width,css:env-1-width,,
css:env-6-width,css:env-10-height,,
css:env-6-width,css:env-10-width,,
css:env-6-width,css:env-11-height,,
css:env-6-width,css:env-11-width,,
css:env-6-width,css:env-12-height,,
css:env-6-width,css:env-12-width,,
css:env-6-width,css:env-13-height,,
css:env-6-width,css:env-13-width,,
css:env-6-width,css:env-14-height,,
css:env-6-width,css:env-14-width,,
css:env-6-width,css:env-2-height,,
css:env-6-width,css:env-2-width,,
css:env-6-width,css:env-3-height,,
css:env-6-width,css:env-3-width,,
css:env-6-width,css:env-5-height,,
css:env-6-width,css:env-5-width,,
css:env-6-width,css:env-6-height,,
css:env-6-width,css:env-6-width,,
css:env-6-width,css:env-7-height,0.3301168152646877,-0.33178947682382864
css:env-6-width,css:env-7-width,0.49631428199955063,0.7043946733119535
css:env-6-width,css:env-8-height,0.7077335859457651,0.811715741216364
css:env-6-width,css:env-8-width,0.14092403681644572,-0.18769521237994238
css:env-6-width,css:env-9-height,0.47738472104325486,0.7535468354814233
css:env-6-width,css:env-9-width,0.32592697848691204,0.2161374024942602
css:env-6-width,css:image-set-heif,-0.444359685703383,-0.38457486187148293
css:env-6-width,css:javascript,,
css:env-6-width,css:media-1-width,,
css:env-6-width,css:media-10-width,-0.06278660637734468,-0.019931206348780955
css:env-6-width,css:media-2-width,-0.4365373119276005,-0.3603535657362281
css:env-6-width,css:media-3-width,,
css:env-6-width,css:media-4-width,-0.1658425002943976,-0.10604766072830935
css:env-6-width,css:media-5-width,0.3437229426916673,0.4851215158093894
css:env-6-width,css:media-6-width,-0.4171683047163783,-0.34251253018630606
css:env-6-width,css:media-7-width,-0.2899494840797956,-0.2982012136731218
css:env-6-width,css:media-8-width,-0.4227321729246313,-0.6129965003651842
css:env-6-width,css:media-9-width,0.18351943561078213,0.22041844709974293
css:env-6-width,css:px_per_px,-0.3544142660717208,-0.3084128864733904
css:env-6-width,css:viewport_height,-0.05786129952117158,0.02620254457358594
css:env-6-width,css:viewport_width,0.3487137239187384,0.14183587785053692
css:env-6-width,css:font_vector,-0.09050477760934729,-0.15177153227149198
css:env-7-height,css:calc-10-width,,
css:env-7-height,css:calc-2-width,,
css:env-7-height,css:calc-3-width,,
css:env-7-height,css:calc-4-width,,
css:env-7-height,css:calc-5-width,,
css:env-7-height,css:calc-6-width,,
css:env-7-height,css:calc-7-width,,
css:env-7-height,css:calc-8-width,,
css:env-7-height,css:calc-9-width,,
css:env-7-height,css:env-1-height,,
css:env-7-height,css:env-1-width,,
css:env-7-height,css:env-10-height,,
css:env-7-height,css:env-10-width,,
css:env-7-height,css:env-11-height,,
css:env-7-height,css:env-11-width,,
css:env-7-height,css:env-12-height,,
css:env-7-height,css:env-12-width,,
css:env-7-height,css:env-13-height,,
css:env-7-height,css:env-13-width,,
css:env-7-height,css:env-14-height,,
css:env-7-height,css:env-14-width,,
css:env-7-height,css:env-2-height,,
css:env-7-height,css:env-2-width,,
css:env-7-height,css:env-3-height,,
css:env-7-height,css:env-3-width,,
css:env-7-height,css:env-5-height,,
css:env-7-height,css:env-5-width,,
css:env-7-height,css:env-6-height,,
css:env-7-height,css:env-6-width,,
css:env-7-height,css:env-7-height,,
css:env-7-height,css:env-7-width,0.7726098808892768,-0.1884062604150614
css:env-7-height,css:env-8-height,0.46181931677416876,0.01433392800259022
css:env-7-height,css:env-8-width,0.4825139375923388,0.19403040592468487
css:env-7-height,css:env-9-height,0.14109916498210603,-0.34412908801734876
css:env-7-height,css:env-9-width,0.7178203707782136,0.2285009927973883
css:env-7-height,css:image-set-heif,-0.5711087011874446,-0.4004750938012441
css:env-7-height,css:javascript,,
css:env-7-height,css:media-1-width,,
css:env-7-height,css:media-10-width,0.3115452717166128,0.3854253679530856
css:env-7-height,css:media-2-width,-0.6924391291818099,-0.48599074740413134
css:env-7-height,css:media-3-width,,
css:env-7-height,css:media-4-width,-0.009831640214061113,0.12353367804737729
css:env-7-height,css:media-5-width,-0.21515120315174263,-0.43861022500635244
css:env-7-height,css:media-6-width,-0.9350865366348227,-0.6909736457622059
css:env-7-height,css:media-7-width,-0.8372198752559582,-0.6878767979803972
css:env-7-height,css:media-8-width,0.2508127567196791,0.6735855896401841
css:env-7-height,css:media-9-width,0.20121965681736564,0.22409324815845252
css:env-7-height,css:px_per_px,-0.9431070336454632,-0.6927782233816128
css:env-7-height,css:viewport_height,0.2934822216662213,0.37469045138151463
css:env-7-height,css:viewport_width,0.9044843023085702,0.4152520663727719
css:env-7-height,css:font_vector,0.13118670687984257,0.7630701167968199
css:env-7-width,css:calc-10-width,,
css:env-7-width,css:calc-2-width,,
css:env-7-width,css:calc-3-width,,
css:env-7-width,css:calc-4-width,,
css:env-7-width,css:calc-5-width,,
css:env-7-width,css:calc-6-width,,
css:env-7-width,css:calc-7-width,,
css:env-7-width,css:calc-8-width,,
css:env-7-width,css:calc-9-width,,
css:env-7-width,css:env-1-height,,
css:env-7-width,css:env-1-width,,
css:env-7-width,css:env-10-height,,
css:env-7-width,css:env-10-width,,
css:env-7-width,css:env-11-height,,
css:env-7-width,css:env-11-width,,
css:env-7-width,css:env-12-height,,
css:env-7-width,css:env-12-width,,
css:env-7-width,css:env-13-height,,
css:env-7-width,css:env-13-width,,
css:env-7-width,css:env-14-height,,
css:env-7-width,css:env-14-width,,
css:env-7-width,css:env-2-height,,
css:env-7-width,css:env-2-width,,
css:env-7-width,css:env-3-height,,
css:env-7-width,css:env-3-width,,
css:env-7-width,css:env-5-height,,
css:env-7-width,css:env-5-width,,
css:env-7-width,css:env-6-height,,
css:env-7-width,css:env-6-width,,
css:env-7-width,css:env-7-height,,
css:env-7-width,css:env-7-width,,
css:env-7-width,css:env-8-height,0.5358034408307222,0.6899467272394275
css:env-7-width,css:env-8-width,0.2843641053459063,-0.38446310718058246
css:env-7-width,css:env-9-height,0.21714642545185575,0.5631571326264182
css:env-7-width,css:env-9-width,0.4437728404618054,0.15181659281059579
css:env-7-width,css:image-set-heif,-0.44046647546523804,-0.1901326015602352
css:env-7-width,css:javascript,,
css:env-7-width,css:media-1-width,,
css:env-7-width,css:media-10-width,0.09570009754337776,-0.193275891074104
css:env-7-width,css:media-2-width,-0.48757997753564875,-0.23854882015826956
css:env-7-width,css:media-3-width,,
css:env-7-width,css:media-4-width,-0.14216258870047904,-0.263324210425643
css:env-7-width,css:media-5-width,0.10815835983580868,0.40341512486925607
css:env-7-width,css:media-6-width,-0.596373271105107,-0.38111810041758415
css:env-7-width,css:media-7-width,-0.4817953363339721,-0.38243008021782504
css:env-7-width,css:media-8-width,-0.11334171351683532,-0.5029878532102198
css:env-7-width,css:media-9-width,0.0624083603178587,-0.014523337211413486
css:env-7-width,css:px_per_px,-0.6505981628575014,-0.41099393119451944
css:env-7-width,css:viewport_height,0.6441130803820254,0.4401391311957428
css:env-7-width,css:viewport_width,0.6833595772441298,0.30473425050142255
css:env-7-width,css:font_vector,0.03582910217933165,0.022879798022064825
css:env-8-height,css:calc-10-width,,
css:env-8-height,css:calc-2-width,,
css:env-8-height,css:calc-3-width,,
css:env-8-height,css:calc-4-width,,
css:env-8-height,css:calc-5-width,,
css:env-8-height,css:calc-6-width,,
css:env-8-height,css:calc-7-width,,
css:env-8-height,css:calc-8-width,,
css:env-8-height,css:calc-9-width,,
css:env-8-height,css:env-1-height,,
css:env-8-height,css:env-1-width,,
css:env-8-height,css:env-10-height,,
css:env-8-height,css:env-10-width,,
css:env-8-height,css:env-11-height,,
css:env-8-height,css:env-11-width,,
css:env-8-height,css:env-12-height,,
css:env-8-height,css:env-12-width,,
css:env-8-height,css:env-13-height,,
css:env-8-height,css:env-13-width,,
css:env-8-height,css:env-14-height,,
css:env-8-height,css:env-14-width,,
css:env-8-height,css:env-2-height,,
css:env-8-height,css:env-2-width,,
css:env-8-height,css:env-3-height,,
css:env-8-height,css:env-3-width,,
css:env-8-height,css:env-5-height,,
css:env-8-height,css:env-5-width,,
css:env-8-height,css:env-6-height,,
css:env-8-height,css:env-6-width,,
css:env-8-height,css:env-7-height,,
css:env-8-height,css:env-7-width,,
css:env-8-height,css:env-8-height,,
css:env-8-height,css:env-8-width,0.09174661819620472,-0.44984967832658124
css:env-8-height,css:env-9-height,0.654416685649617,0.8609919545659924
css:env-8-height,css:env-9-width,0.19822698698597166,-0.05147992176061652
css:env-8-height,css:image-set-heif,-0.4275666182455914,-0.41703449379346574
css:env-8-height,css:javascript,,
css:env-8-height,css:media-1-width,,
css:env-8-height,css:media-10-width,0.0785192146321642,-0.05885093694144053
css:env-8-height,css:media-2-width,-0.478397310076033,-0.4740706296428753
css:env-8-height,css:media-3-width,,
css:env-8-height,css:media-4-width,-0.20382893449974063,-0.2582418587937259
css:env-8-height,css:media-5-width,0.6755328595599149,0.6060403773759243
css:env-8-height,css:media-6-width,-0.4910502665956698,-0.5546493280388771
css:env-8-height,css:media-7-width,-0.3808914452722348,-0.5278162418866239
css:env-8-height,css:media-8-width,-0.5509911448543718,-0.6100430573680623
css:env-8-height,css:media-9-width,0.22084280110023746,0.2654441435137893
css:env-8-height,css:px_per_px,-0.4357587205622949,-0.5337729656872336
css:env-8-height,css:viewport_height,0.0599013955322691,0.2655048853249087
css:env-8-height,css:viewport_width,0.2917018259220816,0.1358781108289355
css:env-8-height,css:font_vector,0.13125224862208526,0.3306392899246891
css:env-8-width,css:calc-10-width,,
css:env-8-width,css:calc-2-width,,
css:env-8-width,css:calc-3-width,,
css:env-8-width,css:calc-4-width,,
css:env-8-width,css:calc-5-width,,
css:env-8-width,css:calc-6-width,,
css:env-8-width,css:calc-7-width,,
css:env-8-width,css:calc-8-width,,
css:env-8-width,css:calc-9-width,,
css:env-8-width,css:env-1-height,,
css:env-8-width,css:env-1-width,,
css:env-8-width,css:env-10-height,,
css:env-8-width,css:env-10-width,,
css:env-8-width,css:env-11-height,,
css:env-8-width,css:env-11-width,,
css:env-8-width,css:env-12-height,,
css:env-8-width,css:env-12-width,,
css:env-8-width,css:env-13-height,,
css:env-8-width,css:env-13-width,,
css:env-8-width,css:env-14-height,,
css:env-8-width,css:env-14-width,,
css:env-8-width,css:env-2-height,,
css:env-8-width,css:env-2-width,,
css:env-8-width,css:env-3-height,,
css:env-8-width,css:env-3-width,,
css:env-8-width,css:env-5-height,,
css:env-8-width,css:env-5-width,,
css:env-8-width,css:env-6-height,,
css:env-8-width,css:env-6-width,,
css:env-8-width,css:env-7-height,,
css:env-8-width,css:env-7-width,,
css:env-8-width,css:env-8-height,,
css:env-8-width,css:env-8-width,,
css:env-8-width,css:env-9-height,0.009488979909435393,-0.5294351726587065
css:env-8-width,css:env-9-width,0.6359287207931508,0.5528456920114778
css:env-8-width,css:image-set-heif,-0.8226524325237792,-0.43325236808736256
css:env-8-width,css:javascript,,
css:env-8-width,css:media-1-width,,
css:env-8-width,css:media-10-width,0.381356450299279,0.2604382948674773
css:env-8-width,css:media-2-width,-0.678051407986246,-0.3147722826141275
css:env-8-width,css:media-3-width,,
css:env-8-width,css:media-4-width,0.273830586873186,0.3783854123752139
css:env-8-width,css:media-5-width,-0.428527185958557,-0.620983516883722
css:env-8-width,css:media-6-width,-0.4123297178011986,-0.043461564716219474
css:env-8-width,css:media-7-width,-0.15166305946181916,0.04238806778420012
css:env-8-width,css:media-8-width,0.43523406355587135,0.6676010909291911
css:env-8-width,css:media-9-width,0.339093787710697,0.26308158231455003
css:env-8-width,css:px_per_px,-0.31467647438205015,0.02412246628969273
css:env-8-width,css:viewport_height,0.04434348058078398,-0.2743058622528194
css:env-8-width,css:viewport_width,0.3664116356184694,0.3514283400384927
css:env-8-width,css:font_vector,0.029334012301156818,-0.4181061872670334
css:env-9-height,css:calc-10-width,,
css:env-9-height,css:calc-2-width,,
css:env-9-height,css:calc-3-width,,
css:env-9-height,css:calc-4-width,,
css:env-9-height,css:calc-5-width,,
css:env-9-height,css:calc-6-width,,
css:env-9-height,css:calc-7-width,,
css:env-9-height,css:calc-8-width,,
css:env-9-height,css:calc-9-width,,
css:env-9-height,css:env-1-height,,
css:env-9-height,css:env-1-width,,
css:env-9-height,css:env-10-height,,
css:env-9-height,css:env-10-width,,
css:env-9-height,css:env-11-height,,
css:env-9-height,css:env-11-width,,
css:env-9-height,css:env-12-height,,
css:env-9-height,css:env-12-width,,
css:env-9-height,css:env-13-height,,
css:env-9-height,css:env-13-width,,
css:env-9-height,css:env-14-height,,
css:env-9-height,css:env-14-width,,
css:env-9-height,css:env-2-height,,
css:env-9-height,css:env-2-width,,
css:env-9-height,css:env-3-height,,
css:env-9-height,css:env-3-width,,
css:env-9-height,css:env-5-height,,
css:env-9-height,css:env-5-width,,
css:env-9-height,css:env-6-height,,
css:env-9-height,css:env-6-width,,
css:env-9-height,css:env-7-height,,
css:env-9-height,css:env-7-width,,
css:env-9-height,css:env-8-height,,
css:env-9-height,css:env-8-width,,
css:env-9-height,css:env-9-height,,
css:env-9-height,css:env-9-width,0.02927010747162844,-0.27492675554583607
css:env-9-height,css:image-set-heif,0.08997680053414117,-0.05735883760173374
css:env-9-height,css:javascript,,
css:env-9-height,css:media-1-width,,
css:env-9-height,css:media-10-width,0.08287425854570223,-0.1667497628381601
css:env-9-height,css:media-2-width,-0.20512757424801611,-0.20109684966477412
css:env-9-height,css:media-3-width,,
css:env-9-height,css:media-4-width,-0.01335699661534372,-0.2516805563018761
css:env-9-height,css:media-5-width,0.5173661899322282,0.7429634697958869
css:env-9-height,css:media-6-width,-0.185817993686617,-0.1573751318783751
css:env-9-height,css:media-7-width,-0.09715202085895092,-0.13720719388417735
css:env-9-height,css:media-8-width,-0.46842688427045376,-0.8307279781157599
css:env-9-height,css:media-9-width,0.4733799068937614,0.22908773332939444
css:env-9-height,css:px_per_px,-0.12287185107064195,-0.1394129517215067
css:env-9-height,css:viewport_height,-0.04240365146103801,0.11107392552988023
css:env-9-height,css:viewport_width,0.017695112548859606,-0.1718737361483389
css:env-9-height,css:font_vector,0.04379369408643376,0.08750578933415563
css:env-9-width,css:calc-10-width,,
css:env-9-width,css:calc-2-width,,
css:env-9-width,css:calc-3-width,,
css:env-9-width,css:calc-4-width,,
css:env-9-width,css:calc-5-width,,
css:env-9-width,css:calc-6-width,,
css:env-9-width,css:calc-7-width,,
css:env-9-width,css:calc-8-width,,
css:env-9-width,css:calc-9-width,,
css:env-9-width,css:env-1-height,,
css:env-9-width,css:env-1-width,,
css:env-9-width,css:env-10-height,,
css:env-9-width,css:env-10-width,,
css:env-9-width,css:env-11-height,,
css:env-9-width,css:env-11-width,,
css:env-9-width,css:env-12-height,,
css:env-9-width,css:env-12-width,,
css:env-9-width,css:env-13-height,,
css:env-9-width,css:env-13-width,,
css:env-9-width,css:env-14-height,,
css:env-9-width,css:env-14-width,,
css:env-9-width,css:env-2-height,,
css:env-9-width,css:env-2-width,,
css:env-9-width,css:env-3-height,,
css:env-9-width,css:env-3-width,,
css:env-9-width,css:env-5-height,,
css:env-9-width,css:env-5-width,,
css:env-9-width,css:env-6-height,,
css:env-9-width,css:env-6-width,,
css:env-9-width,css:env-7-height,,
css:env-9-width,css:env-7-width,,
css:env-9-width,css:env-8-height,,
css:env-9-width,css:env-8-width,,
css:env-9-width,css:env-9-height,,
css:env-9-width,css:env-9-width,,
css:env-9-width,css:image-set-heif,-0.6277060793538871,-0.3856845698803816
css:env-9-width,css:javascript,,
css:env-9-width,css:media-1-width,,
css:env-9-width,css:media-10-width,0.26405070356173804,0.2260120809959814
css:env-9-width,css:media-2-width,-0.7445965101957194,-0.4525313632125706
css:env-9-width,css:media-3-width,,
css:env-9-width,css:media-4-width,0.13931828675704935,0.2581599331953603
css:env-9-width,css:media-5-width,-0.4844402896555933,-0.6820432200166346
css:env-9-width,css:media-6-width,-0.721835095048633,-0.5213715508017364
css:env-9-width,css:media-7-width,-0.6386326043830097,-0.5083190065573879
css:env-9-width,css:media-8-width,0.4159634207237637,0.4882085112401097
css:env-9-width,css:media-9-width,0.30016209992541076,0.2243782428383095
css:env-9-width,css:px_per_px,-0.6567994107104373,-0.5079607749995892
css:env-9-width,css:viewport_height,0.018111630200725298,-0.05924602219354241
css:env-9-width,css:viewport_width,0.6822145601755844,0.6439040723319959
css:env-9-width,css:font_vector,-0.032061632620816474,-0.24731546643463012
css:image-set-heif,css:calc-10-width,,
css:image-set-heif,css:calc-2-width,,
css:image-set-heif,css:calc-3-width,,
css:image-set-heif,css:calc-4-width,,
css:image-set-heif,css:calc-5-width,,
css:image-set-heif,css:calc-6-width,,
css:image-set-heif,css:calc-7-width,,
css:image-set-heif,css:calc-8-width,,
css:image-set-heif,css:calc-9-width,,
css:image-set-heif,css:env-1-height,,
css:image-set-heif,css:env-1-width,,
css:image-set-heif,css:env-10-height,,
css:image-set-heif,css:env-10-width,,
css:image-set-heif,css:env-11-height,,
css:image-set-heif,css:env-11-width,,
css:image-set-heif,css:env-12-height,,
css:image-set-heif,css:env-12-width,,
css:image-set-heif,css:env-13-height,,
css:image-set-heif,css:env-13-width,,
css:image-set-heif,css:env-14-height,,
css:image-set-heif,css:env-14-width,,
css:image-set-heif,css:env-2-height,,
css:image-set-heif,css:env-2-width,,
css:image-set-heif,css:env-3-height,,
css:image-set-heif,css:env-3-width,,
css:image-set-heif,css:env-5-height,,
css:image-set-heif,css:env-5-width,,
css:image-set-heif,css:env-6-height,,
css:image-set-heif,css:env-6-width,,
css:image-set-heif,css:env-7-height,,
css:image-set-heif,css:env-7-width,,
css:image-set-heif,css:env-8-height,,
css:image-set-heif,css:env-8-width,,
css:image-set-heif,css:env-9-height,,
css:image-set-heif,css:env-9-width,,
css:image-set-heif,css:image-set-heif,,
css:image-set-heif,css:javascript,,
css:image-set-heif,css:media-1-width,,
css:image-set-heif,css:media-10-width,-0.2520744915802714,-0.2739215373191472
css:image-set-heif,css:media-2-width,0.7725834987091063,0.772583498709107
css:image-set-heif,css:media-3-width,,
css:image-set-heif,css:media-4-width,,
css:image-set-heif,css:media-5-width,0.14236849691978135,0.14236849691978123
css:image-set-heif,css:media-6-width,0.56754513779421,0.576014333522008
css:image-set-heif,css:media-7-width,0.3075906072050989,0.459289702353703
css:image-set-heif,css:media-8-width,-0.14971472024932353,-0.17977176630318442
css:image-set-heif,css:media-9-width,-0.009466740780528962,-0.009466740780529254
css:image-set-heif,css:px_per_px,0.4549161061571359,0.490978279402032
css:image-set-heif,css:viewport_height,-0.003024706217518738,-0.16784474980897784
css:image-set-heif,css:viewport_width,-0.40193892622112415,-0.33343135120465095
css:image-set-heif,css:font_vector,-0.0438572829770787,-0.05016828634029962
css:javascript,css:calc-10-width,,
css:javascript,css:calc-2-width,,
css:javascript,css:calc-3-width,,
css:javascript,css:calc-4-width,,
css:javascript,css:calc-5-width,,
css:javascript,css:calc-6-width,,
css:javascript,css:calc-7-width,,
css:javascript,css:calc-8-width,,
css:javascript,css:calc-9-width,,
css:javascript,css:env-1-height,,
css:javascript,css:env-1-width,,
css:javascript,css:env-10-height,,
css:javascript,css:env-10-width,,
css:javascript,css:env-11-height,,
css:javascript,css:env-11-width,,
css:javascript,css:env-12-height,,
css:javascript,css:env-12-width,,
css:javascript,css:env-13-height,,
css:javascript,css:env-13-width,,
css:javascript,css:env-14-height,,
css:javascript,css:env-14-width,,
css:javascript,css:env-2-height,,
css:javascript,css:env-2-width,,
css:javascript,css:env-3-height,,
css:javascript,css:env-3-width,,
css:javascript,css:env-5-height,,
css:javascript,css:env-5-width,,
css:javascript,css:env-6-height,,
css:javascript,css:env-6-width,,
css:javascript,css:env-7-height,,
css:javascript,css:env-7-width,,
css:javascript,css:env-8-height,,
css:javascript,css:env-8-width,,
css:javascript,css:env-9-height,,
css:javascript,css:env-9-width,,
css:javascript,css:image-set-heif,,
css:javascript,css:javascript,,
css:javascript,css:media-1-width,,
css:javascript,css:media-10-width,,
css:javascript,css:media-2-width,,
css:javascript,css:media-3-width,,
css:javascript,css:media-4-width,,
css:javascript,css:media-5-width,,
css:javascript,css:media-6-width,,
css:javascript,css:media-7-width,,
css:javascript,css:media-8-width,,
css:javascript,css:media-9-width,,
css:javascript,css:px_per_px,,
css:javascript,css:viewport_height,,
css:javascript,css:viewport_width,,
css:javascript,css:font_vector,,
css:media-1-width,css:calc-10-width,,
css:media-1-width,css:calc-2-width,,
css:media-1-width,css:calc-3-width,,
css:media-1-width,css:calc-4-width,,
css:media-1-width,css:calc-5-width,,
css:media-1-width,css:calc-6-width,,
css:media-1-width,css:calc-7-width,,
css:media-1-width,css:calc-8-width,,
css:media-1-width,css:calc-9-width,,
css:media-1-width,css:env-1-height,,
css:media-1-width,css:env-1-width,,
css:media-1-width,css:env-10-height,,
css:media-1-width,css:env-10-width,,
css:media-1-width,css:env-11-height,,
css:media-1-width,css:env-11-width,,
css:media-1-width,css:env-12-height,,
css:media-1-width,css:env-12-width,,
css:media-1-width,css:env-13-height,,
css:media-1-width,css:env-13-width,,
css:media-1-width,css:env-14-height,,
css:media-1-width,css:env-14-width,,
css:media-1-width,css:env-2-height,,
css:media-1-width,css:env-2-width,,
css:media-1-width,css:env-3-height,,
css:media-1-width,css:env-3-width,,
css:media-1-width,css:env-5-height,,
css:media-1-width,css:env-5-width,,
css:media-1-width,css:env-6-height,,
css:media-1-width,css:env-6-width,,
css:media-1-width,css:env-7-height,,
css:media-1-width,css:env-7-width,,
css:media-1-width,css:env-8-height,,
css:media-1-width,css:env-8-width,,
css:media-1-width,css:env-9-height,,
css:media-1-width,css:env-9-width,,
css:media-1-width,css:image-set-heif,,
css:media-1-width,css:javascript,,
css:media-1-width,css:media-1-width,,
css:media-1-width,css:media-10-width,,
css:media-1-width,css:media-2-width,,
css:media-1-width,css:media-3-width,,
css:media-1-width,css:media-4-width,,
css:media-1-width,css:media-5-width,,
css:media-1-width,css:media-6-width,,
css:media-1-width,css:media-7-width,,
css:media-1-width,css:media-8-width,,
css:media-1-width,css:media-9-width,,
css:media-1-width,css:px_per_px,,
css:media-1-width,css:viewport_height,,
css:media-1-width,css:viewport_width,,
css:media-1-width,css:font_vector,,
css:media-10-width,css:calc-10-width,,
css:media-10-width,css:calc-2-width,,
css:media-10-width,css:calc-3-width,,
css:media-10-width,css:calc-4-width,,
css:media-10-width,css:calc-5-width,,
css:media-10-width,css:calc-6-width,,
css:media-10-width,css:calc-7-width,,
css:media-10-width,css:calc-8-width,,
css:media-10-width,css:calc-9-width,,
css:media-10-width,css:env-1-height,,
css:media-10-width,css:env-1-width,,
css:media-10-width,css:env-10-height,,
css:media-10-width,css:env-10-width,,
css:media-10-width,css:env-11-height,,
css:media-10-width,css:env-11-width,,
css:media-10-width,css:env-12-height,,
css:media-10-width,css:env-12-width,,
css:media-10-width,css:env-13-height,,
css:media-10-width,css:env-13-width,,
css:media-10-width,css:env-14-height,,
css:media-10-width,css:env-14-width,,
css:media-10-width,css:env-2-height,,
css:media-10-width,css:env-2-width,,
css:media-10-width,css:env-3-height,,
css:media-10-width,css:env-3-width,,
css:media-10-width,css:env-5-height,,
css:media-10-width,css:env-5-width,,
css:media-10-width,css:env-6-height,,
css:media-10-width,css:env-6-width,,
css:media-10-width,css:env-7-height,,
css:media-10-width,css:env-7-width,,
css:media-10-width,css:env-8-height,,
css:media-10-width,css:env-8-width,,
css:media-10-width,css:env-9-height,,
css:media-10-width,css:env-9-width,,
css:media-10-width,css:image-set-heif,,
css:media-10-width,css:javascript,,
css:media-10-width,css:media-1-width,,
css:media-10-width,css:media-10-width,,
css:media-10-width,css:media-2-width,-0.2664562641876715,-0.20380110704747764
css:media-10-width,css:media-3-width,,
css:media-10-width,css:media-4-width,0.41658998324507046,0.4948282528954143
css:media-10-width,css:media-5-width,-0.16715437522409562,-0.20680590309402982
css:media-10-width,css:media-6-width,-0.296588195143113,-0.2136667557377346
css:media-10-width,css:media-7-width,-0.14651315740988927,-0.16516793817227468
css:media-10-width,css:media-8-width,0.22473401649775868,0.3181792847868097
css:media-10-width,css:media-9-width,0.24998261717326034,0.2801851292646402
css:media-10-width,css:px_per_px,-0.2191459788600556,-0.17753133845707839
css:media-10-width,css:viewport_height,0.04135488587986373,0.10140414755406299
css:media-10-width,css:viewport_width,0.16125350403047523,0.004657192604089684
css:media-10-width,css:font_vector,0.5667956151951754,0.25566989343912716
css:media-2-width,css:calc-10-width,,
css:media-2-width,css:calc-2-width,,
css:media-2-width,css:calc-3-width,,
css:media-2-width,css:calc-4-width,,
css:media-2-width,css:calc-5-width,,
css:media-2-width,css:calc-6-width,,
css:media-2-width,css:calc-7-width,,
css:media-2-width,css:calc-8-width,,
css:media-2-width,css:calc-9-width,,
css:media-2-width,css:env-1-height,,
css:media-2-width,css:env-1-width,,
css:media-2-width,css:env-10-height,,
css:media-2-width,css:env-10-width,,
css:media-2-width,css:env-11-height,,
css:media-2-width,css:env-11-width,,
css:media-2-width,css:env-12-height,,
css:media-2-width,css:env-12-width,,
css:media-2-width,css:env-13-height,,
css:media-2-width,css:env-13-width,,
css:media-2-width,css:env-14-height,,
css:media-2-width,css:env-14-width,,
css:media-2-width,css:env-2-height,,
css:media-2-width,css:env-2-width,,
css:media-2-width,css:env-3-height,,
css:media-2-width,css:env-3-width,,
css:media-2-width,css:env-5-height,,
css:media-2-width,css:env-5-width,,
css:media-2-width,css:env-6-height,,
css:media-2-width,css:env-6-width,,
css:media-2-width,css:env-7-height,,
css:media-2-width,css:env-7-width,,
css:media-2-width,css:env-8-height,,
css:media-2-width,css:env-8-width,,
css:media-2-width,css:env-9-height,,
css:media-2-width,css:env-9-width,,
css:media-2-width,css:image-set-heif,,
css:media-2-width,css:javascript,,
css:media-2-width,css:media-1-width,,
css:media-2-width,css:media-10-width,,
css:media-2-width,css:media-2-width,,
css:media-2-width,css:media-3-width,,
css:media-2-width,css:media-4-width,-0.046530741415770946,-0.04653074141577099
css:media-2-width,css:media-5-width,0.14761229738900308,0.1476122973890022
css:media-2-width,css:media-6-width,0.7119201818733604,0.7263123999108851
css:media-2-width,css:media-7-width,0.5565687600451362,0.6547708105852487
css:media-2-width,css:media-8-width,-0.15468643152155973,-0.18404662590473206
css:media-2-width,css:media-9-width,-0.3134322922062263,-0.39918793190608315
css:media-2-width,css:px_per_px,0.6442280170221486,0.6698812977487595
css:media-2-width,css:viewport_height,0.0430476396655024,-0.2242238162500466
css:media-2-width,css:viewport_width,-0.5570938258877106,-0.4626037409539719
css:media-2-width,css:font_vector,-0.07256419494510334,-0.2462344615486218
css:media-3-width,css:calc-10-width,,
css:media-3-width,css:calc-2-width,,
css:media-3-width,css:calc-3-width,,
css:media-3-width,css:calc-4-width,,
css:media-3-width,css:calc-5-width,,
css:media-3-width,css:calc-6-width,,
css:media-3-width,css:calc-7-width,,
css:media-3-width,css:calc-8-width,,
css:media-3-width,css:calc-9-width,,
css:media-3-width,css:env-1-height,,
css:media-3-width,css:env-1-width,,
css:media-3-width,css:env-10-height,,
css:media-3-width,css:env-10-width,,
css:media-3-width,css:env-11-height,,
css:media-3-width,css:env-11-width,,
css:media-3-width,css:env-12-height,,
css:media-3-width,css:env-12-width,,
css:media-3-width,css:env-13-height,,
css:media-3-width,css:env-13-width,,
css:media-3-width,css:env-14-height,,
css:media-3-width,css:env-14-width,,
css:media-3-width,css:env-2-height,,
css:media-3-width,css:env-2-width,,
css:media-3-width,css:env-3-height,,
css:media-3-width,css:env-3-width,,
css:media-3-width,css:env-5-height,,
css:media-3-width,css:env-5-width,,
css:media-3-width,css:env-6-height,,
css:media-3-width,css:env-6-width,,
css:media-3-width,css:env-7-height,,
css:media-3-width,css:env-7-width,,
css:media-3-width,css:env-8-height,,
css:media-3-width,css:env-8-width,,
css:media-3-width,css:env-9-height,,
css:media-3-width,css:env-9-width,,
css:media-3-width,css:image-set-heif,,
css:media-3-width,css:javascript,,
css:media-3-width,css:media-1-width,,
css:media-3-width,css:media-10-width,,
css:media-3-width,css:media-2-width,,
css:media-3-width,css:media-3-width,,
css:media-3-width,css:media-4-width,,
css:media-3-width,css:media-5-width,,
css:media-3-width,css:media-6-width,,
css:media-3-width,css:media-7-width,,
css:media-3-width,css:media-8-width,,
css:media-3-width,css:media-9-width,,
css:media-3-width,css:px_per_px,,
css:media-3-width,css:viewport_height,,
css:media-3-width,css:viewport_width,,
css:media-3-width,css:font_vector,,
css:media-4-width,css:calc-10-width,,
css:media-4-width,css:calc-2-width,,
css:media-4-width,css:calc-3-width,,
css:media-4-width,css:calc-4-width,,
css:media-4-width,css:calc-5-width,,
css:media-4-width,css:calc-6-width,,
css:media-4-width,css:calc-7-width,,
css:media-4-width,css:calc-8-width,,
css:media-4-width,css:calc-9-width,,
css:media-4-width,css:env-1-height,,
css:media-4-width,css:env-1-width,,
css:media-4-width,css:env-10-height,,
css:media-4-width,css:env-10-width,,
css:media-4-width,css:env-11-height,,
css:media-4-width,css:env-11-width,,
css:media-4-width,css:env-12-height,,
css:media-4-width,css:env-12-width,,
css:media-4-width,css:env-13-height,,
css:media-4-width,css:env-13-width,,
css:media-4-width,css:env-14-height,,
css:media-4-width,css:env-14-width,,
css:media-4-width,css:env-2-height,,
css:media-4-width,css:env-2-width,,
css:media-4-width,css:env-3-height,,
css:media-4-width,css:env-3-width,,
css:media-4-width,css:env-5-height,,
css:media-4-width,css:env-5-width,,
css:media-4-width,css:env-6-height,,
css:media-4-width,css:env-6-width,,
css:media-4-width,css:env-7-height,,
css:media-4-width,css:env-7-width,,
css:media-4-width,css:env-8-height,,
css:media-4-width,css:env-8-width,,
css:media-4-width,css:env-9-height,,
css:media-4-width,css:env-9-width,,
css:media-4-width,css:image-set-heif,,
css:media-4-width,css:javascript,,
css:media-4-width,css:media-1-width,,
css:media-4-width,css:media-10-width,,
css:media-4-width,css:media-2-width,,
css:media-4-width,css:media-3-width,,
css:media-4-width,css:media-4-width,,
css:media-4-width,css:media-5-width,-0.25767111905373796,-0.25767111905373796
css:media-4-width,css:media-6-width,0.031532149845102386,0.03131000571954256
css:media-4-width,css:media-7-width,0.08395677929984209,0.05592925841860472
css:media-4-width,css:media-8-width,0.2700196841158259,0.32127065897471935
css:media-4-width,css:media-9-width,0.2310095138016213,0.2876861286444518
css:media-4-width,css:px_per_px,0.07754662557540773,0.056353171397106654
css:media-4-width,css:viewport_height,-0.10281834637900299,-0.18931148232831013
css:media-4-width,css:viewport_width,-0.021914384838187115,0.005373522146463599
css:media-4-width,css:font_vector,-0.2032248471282294,-0.09536218495857182
css:media-5-width,css:calc-10-width,,
css:media-5-width,css:calc-2-width,,
css:media-5-width,css:calc-3-width,,
css:media-5-width,css:calc-4-width,,
css:media-5-width,css:calc-5-width,,
css:media-5-width,css:calc-6-width,,
css:media-5-width,css:calc-7-width,,
css:media-5-width,css:calc-8-width,,
css:media-5-width,css:calc-9-width,,
css:media-5-width,css:env-1-height,,
css:media-5-width,css:env-1-width,,
css:media-5-width,css:env-10-height,,
css:media-5-width,css:env-10-width,,
css:media-5-width,css:env-11-height,,
css:media-5-width,css:env-11-width,,
css:media-5-width,css:env-12-height,,
css:media-5-width,css:env-12-width,,
css:media-5-width,css:env-13-height,,
css:media-5-width,css:env-13-width,,
css:media-5-width,css:env-14-height,,
css:media-5-width,css:env-14-width,,
css:media-5-width,css:env-2-height,,
css:media-5-width,css:env-2-width,,
css:media-5-width,css:env-3-height,,
css:media-5-width,css:env-3-width,,
css:media-5-width,css:env-5-height,,
css:media-5-width,css:env-5-width,,
css:media-5-width,css:env-6-height,,
css:media-5-width,css:env-6-width,,
css:media-5-width,css:env-7-height,,
css:media-5-width,css:env-7-width,,
css:media-5-width,css:env-8-height,,
css:media-5-width,css:env-8-width,,
css:media-5-width,css:env-9-height,,
css:media-5-width,css:env-9-width,,
css:media-5-width,css:image-set-heif,,
css:media-5-width,css:javascript,,
css:media-5-width,css:media-1-width,,
css:media-5-width,css:media-10-width,,
css:media-5-width,css:media-2-width,,
css:media-5-width,css:media-3-width,,
css:media-5-width,css:media-4-width,,
css:media-5-width,css:media-5-width,,
css:media-5-width,css:media-6-width,0.21714967963883475,0.21744302502736967
css:media-5-width,css:media-7-width,0.20376464640026182,0.2177505114593653
css:media-5-width,css:media-8-width,-0.8084003238227517,-0.8237556465593585
css:media-5-width,css:media-9-width,-0.046266460728463334,-0.06993641386499298
css:media-5-width,css:px_per_px,0.2119657625687667,0.21795255818929932
css:media-5-width,css:viewport_height,0.05621319554594635,0.040394710803431474
css:media-5-width,css:viewport_width,-0.2997994403210524,-0.3849402924990244
css:media-5-width,css:font_vector,0.11273707556462857,0.12062834350596419
css:media-6-width,css:calc-10-width,,
css:media-6-width,css:calc-2-width,,
css:media-6-width,css:calc-3-width,,
css:media-6-width,css:calc-4-width,,
css:media-6-width,css:calc-5-width,,
css:media-6-width,css:calc-6-width,,
css:media-6-width,css:calc-7-width,,
css:media-6-width,css:calc-8-width,,
css:media-6-width,css:calc-9-width,,
css:media-6-width,css:env-1-height,,
css:media-6-width,css:env-1-width,,
css:media-6-width,css:env-10-height,,
css:media-6-width,css:env-10-width,,
css:media-6-width,css:env-11-height,,
css:media-6-width,css:env-11-width,,
css:media-6-width,css:env-12-height,,
css:media-6-width,css:env-12-width,,
css:media-6-width,css:env-13-height,,
css:media-6-width,css:env-13-width,,
css:media-6-width,css:env-14-height,,
css:media-6-width,css:env-14-width,,
css:media-6-width,css:env-2-height,,
css:media-6-width,css:env-2-width,,
css:media-6-width,css:env-3-height,,
css:media-6-width,css:env-3-width,,
css:media-6-width,css:env-5-height,,
css:media-6-width,css:env-5-width,,
css:media-6-width,css:env-6-height,,
css:media-6-width,css:env-6-width,,
css:media-6-width,css:env-7-height,,
css:media-6-width,css:env-7-width,,
css:media-6-width,css:env-8-height,,
css:media-6-width,css:env-8-width,,
css:media-6-width,css:env-9-height,,
css:media-6-width,css:env-9-width,,
css:media-6-width,css:image-set-heif,,
css:media-6-width,css:javascript,,
css:media-6-width,css:media-1-width,,
css:media-6-width,css:media-10-width,,
css:media-6-width,css:media-2-width,,
css:media-6-width,css:media-3-width,,
css:media-6-width,css:media-4-width,,
css:media-6-width,css:media-5-width,,
css:media-6-width,css:media-6-width,,
css:media-6-width,css:media-7-width,0.8867766625696143,0.9832481885496552
css:media-6-width,css:media-8-width,-0.2275563055621398,-0.27111328656678196
css:media-6-width,css:media-9-width,-0.23302571020740423,-0.35081265642117365
css:media-6-width,css:px_per_px,0.9546656558324762,0.9896454864834296
css:media-6-width,css:viewport_height,-0.005977590987440934,-0.30796737552767844
css:media-6-width,css:viewport_width,-0.8660887795423432,-0.7024799398897097
css:media-6-width,css:font_vector,-0.10674787679328647,-0.5503679951708367
css:media-7-width,css:calc-10-width,,
css:media-7-width,css:calc-2-width,,
css:media-7-width,css:calc-3-width,,
css:media-7-width,css:calc-4-width,,
css:media-7-width,css:calc-5-width,,
css:media-7-width,css:calc-6-width,,
css:media-7-width,css:calc-7-width,,
css:media-7-width,css:calc-8-width,,
css:media-7-width,css:calc-9-width,,
css:media-7-width,css:env-1-height,,
css:media-7-width,css:env-1-width,,
css:media-7-width,css:env-10-height,,
css:media-7-width,css:env-10-width,,
css:media-7-width,css:env-11-height,,
css:media-7-width,css:env-11-width,,
css:media-7-width,css:env-12-height,,
css:media-7-width,css:env-12-width,,
css:media-7-width,css:env-13-height,,
css:media-7-width,css:env-13-width,,
css:media-7-width,css:env-14-height,,
css:media-7-width,css:env-14-width,,
css:media-7-width,css:env-2-height,,
css:media-7-width,css:env-2-width,,
css:media-7-width,css:env-3-height,,
css:media-7-width,css:env-3-width,,
css:media-7-width,css:env-5-height,,
css:media-7-width,css:env-5-width,,
css:media-7-width,css:env-6-height,,
css:media-7-width,css:env-6-width,,
css:media-7-width,css:env-7-height,,
css:media-7-width,css:env-7-width,,
css:media-7-width,css:env-8-height,,
css:media-7-width,css:env-8-width,,
css:media-7-width,css:env-9-height,,
css:media-7-width,css:env-9-width,,
css:media-7-width,css:image-set-heif,,
css:media-7-width,css:javascript,,
css:media-7-width,css:media-1-width,,
css:media-7-width,css:media-10-width,,
css:media-7-width,css:media-2-width,,
css:media-7-width,css:media-3-width,,
css:media-7-width,css:media-4-width,,
css:media-7-width,css:media-5-width,,
css:media-7-width,css:media-6-width,,
css:media-7-width,css:media-7-width,,
css:media-7-width,css:media-8-width,-0.213529811400777,-0.27149666817740176
css:media-7-width,css:media-9-width,-0.13852082690023668,-0.2969394062881567
css:media-7-width,css:px_per_px,0.9330870110502741,0.9953448202474192
css:media-7-width,css:viewport_height,-0.004114027996302824,-0.31954732719777706
css:media-7-width,css:viewport_width,-0.8310220593840965,-0.7077898104852711
css:media-7-width,css:font_vector,-0.10016799478428248,-0.5880479595695683
css:media-8-width,css:calc-10-width,,
css:media-8-width,css:calc-2-width,,
css:media-8-width,css:calc-3-width,,
css:media-8-width,css:calc-4-width,,
css:media-8-width,css:calc-5-width,,
css:media-8-width,css:calc-6-width,,
css:media-8-width,css:calc-7-width,,
css:media-8-width,css:calc-8-width,,
css:media-8-width,css:calc-9-width,,
css:media-8-width,css:env-1-height,,
css:media-8-width,css:env-1-width,,
css:media-8-width,css:env-10-height,,
css:media-8-width,css:env-10-width,,
css:media-8-width,css:env-11-height,,
css:media-8-width,css:env-11-width,,
css:media-8-width,css:env-12-height,,
css:media-8-width,css:env-12-width,,
css:media-8-width,css:env-13-height,,
css:media-8-width,css:env-13-width,,
css:media-8-width,css:env-14-height,,
css:media-8-width,css:env-14-width,,
css:media-8-width,css:env-2-height,,
css:media-8-width,css:env-2-width,,
css:media-8-width,css:env-3-height,,
css:media-8-width,css:env-3-width,,
css:media-8-width,css:env-5-height,,
css:media-8-width,css:env-5-width,,
css:media-8-width,css:env-6-height,,
css:media-8-width,css:env-6-width,,
css:media-8-width,css:env-7-height,,
css:media-8-width,css:env-7-width,,
css:media-8-width,css:env-8-height,,
css:media-8-width,css:env-8-width,,
css:media-8-width,css:env-9-height,,
css:media-8-width,css:env-9-width,,
css:media-8-width,css:image-set-heif,,
css:media-8-width,css:javascript,,
css:media-8-width,css:media-1-width,,
css:media-8-width,css:media-10-width,,
css:media-8-width,css:media-2-width,,
css:media-8-width,css:media-3-width,,
css:media-8-width,css:media-4-width,,
css:media-8-width,css:media-5-width,,
css:media-8-width,css:media-6-width,,
css:media-8-width,css:media-7-width,,
css:media-8-width,css:media-8-width,,
css:media-8-width,css:media-9-width,0.04848372280500399,0.08719843283658472
css:media-8-width,css:px_per_px,-0.22212395577112365,-0.27174858498634785
css:media-8-width,css:viewport_height,-0.05481324401829021,-0.036702573843291106
css:media-8-width,css:viewport_width,0.314166952318429,0.47995297995073755
css:media-8-width,css:font_vector,-0.009364599649316093,0.15352786009149
css:media-9-width,css:calc-10-width,,
css:media-9-width,css:calc-2-width,,
css:media-9-width,css:calc-3-width,,
css:media-9-width,css:calc-4-width,,
css:media-9-width,css:calc-5-width,,
css:media-9-width,css:calc-6-width,,
css:media-9-width,css:calc-7-width,,
css:media-9-width,css:calc-8-width,,
css:media-9-width,css:calc-9-width,,
css:media-9-width,css:env-1-height,,
css:media-9-width,css:env-1-width,,
css:media-9-width,css:env-10-height,,
css:media-9-width,css:env-10-width,,
css:media-9-width,css:env-11-height,,
css:media-9-width,css:env-11-width,,
css:media-9-width,css:env-12-height,,
css:media-9-width,css:env-12-width,,
css:media-9-width,css:env-13-height,,
css:media-9-width,css:env-13-width,,
css:media-9-width,css:env-14-height,,
css:media-9-width,css:env-14-width,,
css:media-9-width,css:env-2-height,,
css:media-9-width,css:env-2-width,,
css:media-9-width,css:env-3-height,,
css:media-9-width,css:env-3-width,,
css:media-9-width,css:env-5-height,,
css:media-9-width,css:env-5-width,,
css:media-9-width,css:env-6-height,,
css:media-9-width,css:env-6-width,,
css:media-9-width,css:env-7-height,,
css:media-9-width,css:env-7-width,,
css:media-9-width,css:env-8-height,,
css:media-9-width,css:env-8-width,,
css:media-9-width,css:env-9-height,,
css:media-9-width,css:env-9-width,,
css:media-9-width,css:image-set-heif,,
css:media-9-width,css:javascript,,
css:media-9-width,css:media-1-width,,
css:media-9-width,css:media-10-width,,
css:media-9-width,css:media-2-width,,
css:media-9-width,css:media-3-width,,
css:media-9-width,css:media-4-width,,
css:media-9-width,css:media-5-width,,
css:media-9-width,css:media-6-width,,
css:media-9-width,css:media-7-width,,
css:media-9-width,css:media-8-width,,
css:media-9-width,css:media-9-width,,
css:media-9-width,css:px_per_px,-0.15005414174663873,-0.2983873277638422
css:media-9-width,css:viewport_height,-0.1106467945253079,-0.04899444248829164
css:media-9-width,css:viewport_width,0.12035879797479435,0.20443834571373645
css:media-9-width,css:font_vector,0.022743964033026573,0.16171767990510863
css:px_per_px,css:calc-10-width,,
css:px_per_px,css:calc-2-width,,
css:px_per_px,css:calc-3-width,,
css:px_per_px,css:calc-4-width,,
css:px_per_px,css:calc-5-width,,
css:px_per_px,css:calc-6-width,,
css:px_per_px,css:calc-7-width,,
css:px_per_px,css:calc-8-width,,
css:px_per_px,css:calc-9-width,,
css:px_per_px,css:env-1-height,,
css:px_per_px,css:env-1-width,,
css:px_per_px,css:env-10-height,,
css:px_per_px,css:env-10-width,,
css:px_per_px,css:env-11-height,,
css:px_per_px,css:env-11-width,,
css:px_per_px,css:env-12-height,,
css:px_per_px,css:env-12-width,,
css:px_per_px,css:env-13-height,,
css:px_per_px,css:env-13-width,,
css:px_per_px,css:env-14-height,,
css:px_per_px,css:env-14-width,,
css:px_per_px,css:env-2-height,,
css:px_per_px,css:env-2-width,,
css:px_per_px,css:env-3-height,,
css:px_per_px,css:env-3-width,,
css:px_per_px,css:env-5-height,,
css:px_per_px,css:env-5-width,,
css:px_per_px,css:env-6-height,,
css:px_per_px,css:env-6-width,,
css:px_per_px,css:env-7-height,,
css:px_per_px,css:env-7-width,,
css:px_per_px,css:env-8-height,,
css:px_per_px,css:env-8-width,,
css:px_per_px,css:env-9-height,,
css:px_per_px,css:env-9-width,,
css:px_per_px,css:image-set-heif,,
css:px_per_px,css:javascript,,
css:px_per_px,css:media-1-width,,
css:px_per_px,css:media-10-width,,
css:px_per_px,css:media-2-width,,
css:px_per_px,css:media-3-width,,
css:px_per_px,css:media-4-width,,
css:px_per_px,css:media-5-width,,
css:px_per_px,css:media-6-width,,
css:px_per_px,css:media-7-width,,
css:px_per_px,css:media-8-width,,
css:px_per_px,css:media-9-width,,
css:px_per_px,css:px_per_px,,
css:px_per_px,css:viewport_height,-0.12279941483935888,-0.3449023042928475
css:px_per_px,css:viewport_width,-0.9020179037141018,-0.7120011980098245
css:px_per_px,css:font_vector,-0.10419954399086928,-0.5812740662469821
css:viewport_height,css:calc-10-width,,
css:viewport_height,css:calc-2-width,,
css:viewport_height,css:calc-3-width,,
css:viewport_height,css:calc-4-width,,
css:viewport_height,css:calc-5-width,,
css:viewport_height,css:calc-6-width,,
css:viewport_height,css:calc-7-width,,
css:viewport_height,css:calc-8-width,,
css:viewport_height,css:calc-9-width,,
css:viewport_height,css:env-1-height,,
css:viewport_height,css:env-1-width,,
css:viewport_height,css:env-10-height,,
css:viewport_height,css:env-10-width,,
css:viewport_height,css:env-11-height,,
css:viewport_height,css:env-11-width,,
css:viewport_height,css:env-12-height,,
css:viewport_height,css:env-12-width,,
css:viewport_height,css:env-13-height,,
css:viewport_height,css:env-13-width,,
css:viewport_height,css:env-14-height,,
css:viewport_height,css:env-14-width,,
css:viewport_height,css:env-2-height,,
css:viewport_height,css:env-2-width,,
css:viewport_height,css:env-3-height,,
css:viewport_height,css:env-3-width,,
css:viewport_height,css:env-5-height,,
css:viewport_height,css:env-5-width,,
css:viewport_height,css:env-6-height,,
css:viewport_height,css:env-6-width,,
css:viewport_height,css:env-7-height,,
css:viewport_height,css:env-7-width,,
css:viewport_height,css:env-8-height,,
css:viewport_height,css:env-8-width,,
css:viewport_height,css:env-9-height,,
css:viewport_height,css:env-9-width,,
css:viewport_height,css:image-set-heif,,
css:viewport_height,css:javascript,,
css:viewport_height,css:media-1-width,,
css:viewport_height,css:media-10-width,,
css:viewport_height,css:media-2-width,,
css:viewport_height,css:media-3-width,,
css:viewport_height,css:media-4-width,,
css:viewport_height,css:media-5-width,,
css:viewport_height,css:media-6-width,,
css:viewport_height,css:media-7-width,,
css:viewport_height,css:media-8-width,,
css:viewport_height,css:media-9-width,,
css:viewport_height,css:px_per_px,,
css:viewport_height,css:viewport_height,,
css:viewport_height,css:viewport_width,0.21770178816873165,0.06259092164257926
css:viewport_height,css:font_vector,0.13901244875521926,0.4556810444599374
css:viewport_width,css:calc-10-width,,
css:viewport_width,css:calc-2-width,,
css:viewport_width,css:calc-3-width,,
css:viewport_width,css:calc-4-width,,
css:viewport_width,css:calc-5-width,,
css:viewport_width,css:calc-6-width,,
css:viewport_width,css:calc-7-width,,
css:viewport_width,css:calc-8-width,,
css:viewport_width,css:calc-9-width,,
css:viewport_width,css:env-1-height,,
css:viewport_width,css:env-1-width,,
css:viewport_width,css:env-10-height,,
css:viewport_width,css:env-10-width,,
css:viewport_width,css:env-11-height,,
css:viewport_width,css:env-11-width,,
css:viewport_width,css:env-12-height,,
css:viewport_width,css:env-12-width,,
css:viewport_width,css:env-13-height,,
css:viewport_width,css:env-13-width,,
css:viewport_width,css:env-14-height,,
css:viewport_width,css:env-14-width,,
css:viewport_width,css:env-2-height,,
css:viewport_width,css:env-2-width,,
css:viewport_width,css:env-3-height,,
css:viewport_width,css:env-3-width,,
css:viewport_width,css:env-5-height,,
css:viewport_width,css:env-5-width,,
css:viewport_width,css:env-6-height,,
css:viewport_width,css:env-6-width,,
css:viewport_width,css:env-7-height,,
css:viewport_width,css:env-7-width,,
css:viewport_width,css:env-8-height,,
css:viewport_width,css:env-8-width,,
css:viewport_width,css:env-9-height,,
css:viewport_width,css:env-9-width,,
css:viewport_width,css:image-set-heif,,
css:viewport_width,css:javascript,,
css:viewport_width,css:media-1-width,,
css:viewport_width,css:media-10-width,,
css:viewport_width,css:media-2-width,,
css:viewport_width,css:media-3-width,,
css:viewport_width,css:media-4-width,,
css:viewport_width,css:media-5-width,,
css:viewport_width,css:media-6-width,,
css:viewport_width,css:media-7-width,,
css:viewport_width,css:media-8-width,,
css:viewport_width,css:media-9-width,,
css:viewport_width,css:px_per_px,,
css:viewport_width,css:viewport_height,,
css:viewport_width,css:viewport_width,,
css:viewport_width,css:font_vector,0.002550947651063533,0.11158722208764271
css:font_vector,css:calc-10-width,,
css:font_vector,css:calc-2-width,,
css:font_vector,css:calc-3-width,,
css:font_vector,css:calc-4-width,,
css:font_vector,css:calc-5-width,,
css:font_vector,css:calc-6-width,,
css:font_vector,css:calc-7-width,,
css:font_vector,css:calc-8-width,,
css:font_vector,css:calc-9-width,,
css:font_vector,css:env-1-height,,
css:font_vector,css:env-1-width,,
css:font_vector,css:env-10-height,,
css:font_vector,css:env-10-width,,
css:font_vector,css:env-11-height,,
css:font_vector,css:env-11-width,,
css:font_vector,css:env-12-height,,
css:font_vector,css:env-12-width,,
css:font_vector,css:env-13-height,,
css:font_vector,css:env-13-width,,
css:font_vector,css:env-14-height,,
css:font_vector,css:env-14-width,,
css:font_vector,css:env-2-height,,
css:font_vector,css:env-2-width,,
css:font_vector,css:env-3-height,,
css:font_vector,css:env-3-width,,
css:font_vector,css:env-5-height,,
css:font_vector,css:env-5-width,,
css:font_vector,css:env-6-height,,
css:font_vector,css:env-6-width,,
css:font_vector,css:env-7-height,,
css:font_vector,css:env-7-width,,
css:font_vector,css:env-8-height,,
css:font_vector,css:env-8-width,,
css:font_vector,css:env-9-height,,
css:font_vector,css:env-9-width,,
css:font_vector,css:image-set-heif,,
css:font_vector,css:javascript,,
css:font_vector,css:media-1-width,,
css:font_vector,css:media-10-width,,
css:font_vector,css:media-2-width,,
css:font_vector,css:media-3-width,,
css:font_vector,css:media-4-width,,
css:font_vector,css:media-5-width,,
css:font_vector,css:media-6-width,,
css:font_vector,css:media-7-width,,
css:font_vector,css:media-8-width,,
css:font_vector,css:media-9-width,,
css:font_vector,css:px_per_px,,
css:font_vector,css:viewport_height,,
css:font_vector,css:viewport_width,,
css:font_vector,css:font_vector,,
